INTRA-DAY TRADE TO TOTAL FUND HOLDINGS (NOT INDIVIDUAL BASKET),,,,,,,,
"Trade notification files are not provided until full trade execution at the end of a trading day. ARK may not trade every day. The time stamp of the email is the time of file upload and not necessarily the exact time of the trades. Files of trades are not comprehensive lists of a day's trades for the ARK ETFs, but instead contain the most recent trades made in the ARK ETFs' portfolios. Additional files may be posted at a later time. Most ARK ETF portfolio trades settle on a T+2 basis. These files represent an unofficial account, as all accounting and custody for the ARK ETFs is performed by BNY Mellon. Updated ARK ETF end of day holdings are available on https://ark-funds.com/investor-resources

ARK Trade Desk
212.426.7040
ark@ark-invest.com",,,,,,,,
,,,,,,,,
FUND,Date,Direction,Ticker,CUSIP,Name,Shares,,
,2020-08-04,Sell,CGEN,,,,,
,2020-08-04,Sell,GH,,,,,
,2020-08-04,Sell,MCRB,,,,,
,2020-08-04,Sell,NSTG,,,,,
,2020-08-04,Buy,PACB,,,,,
,2020-08-04,Buy,SURF,,,,,
,2020-08-04,Sell,TXG,,,,,
,2020-08-04,Buy,XLNX,,,,,
,2020-08-04,Buy,PRLB,,,,,
,2020-08-04,Sell,ROKU,,,,,
,2020-08-04,Sell,SPLK,,,,,
,2020-08-04,Buy,SPOT,,,,,
,2020-08-04,Sell,SQ,,,,,
,2020-08-04,Sell,TWOU,,,,,
,2020-08-04,Buy,XLNX,,,,,
,2020-08-04,Buy,AYX,,,,,
,2020-08-04,Buy,LC,,,,,
,2020-08-04,Buy,NTDOY,,,,,
,2020-08-04,Sell,WDAY,,,,,
,2020-08-03,Buy,AYX,,,,,
,2020-08-03,Buy,NFLX,,,,,
,2020-08-03,Buy,NTDOY,,,,,
,2020-08-03,Sell,ROKU,,,,,
,2020-08-03,Buy,SPOT,,,,,
,2020-08-03,Sell,SQ,,,,,
,2020-08-03,Sell,WDAY,,,,,
,2020-08-03,Buy,IOVA,,,,,
,2020-08-03,Buy,PSTG,,,,,
,2020-08-03,Buy,SPOT,,,,,
,2020-08-03,Sell,SQ,,,,,
,2020-08-03,Sell,TWOU,,,,,
,2020-08-03,Sell,Z,,,,,
,2020-08-03,Sell,ZS,,,,,
,2020-08-03,Sell,CGEN,,,,,
,2020-08-03,Buy,CLLS,,,,,
,2020-08-03,Sell,GH,,,,,
,2020-08-03,Buy,IONS,,,,,
,2020-08-03,Sell,MCRB,,,,,
,2020-08-03,Sell,NSTG,,,,,
,2020-08-03,Buy,SURF,,,,,
,2020-08-03,Sell,TXG,,,,,
,2020-08-03,Buy,XLNX,,,,,
,2020-08-03,Buy,ICE,,,,,
,2020-08-03,Buy,LC,,,,,
,2020-08-03,Sell,WDAY,,,,,
,2020-08-03,Sell,Z,,,,,
,2020-07-31,Buy,CLLS,,,,,
,2020-07-31,Sell,CRSP,,,,,
,2020-07-31,Buy,EDIT,,,,,
,2020-07-31,Sell,丨LMN,,,,,
,2020-07-31,Buy,IOVA,,,,,
,2020-07-31,Buy,PSTG,,,,,
,2020-07-31,Buy,SNAP,,,,,
,2020-07-31,Sell,SQ,,,,,
,2020-07-31,Sell,TWOU,,,,,
,2020-07-31,Sell,SQ,,,,,
,2020-07-31,Buy,TEAM,,,,,
,2020-07-30,Buy,9923 HK,,,,,
,2020-07-30,Buy,CLLS,,,,,
,2020-07-30,Buy,EDIT,,,,,
,2020-07-30,Buy,IOVA,,,,,
,2020-07-30,Buy,IOVA,,,,,
,2020-07-30,Sell,NVTA,,,,,
,2020-07-30,Sell,NVTA,,,,,
,2020-07-30,Sell,TWOU,,,,,
,2020-07-30,Sell,TWOU,,,,,
,2020-07-30,Sell,Z,,,,,
,2020-07-30,Buy,ESLT,,,,,
,2020-07-30,Sell,GBTC,,,,,
,2020-07-30,Sell,PINS,,,,,
,2020-07-30,Buy,SNAP,,,,,
,2020-07-30,Buy,SPOT,,,,,
,2020-07-30,Buy,SPOT,,,,,
,2020-07-30,Sell,TWOU,,,,,
,2020-07-30,Sell,Z,,,,,
,2020-07-30,Sell,Z,,,,,
,2020-07-30,Sell,Z,,,,,
,2020-07-30,Sell,Z,,,,,
,2020-07-29,Buy,9923 HK,,,,,
,2020-07-29,Sell,SQ,,,,,
,2020-07-29,Sell,TREE,,,,,
,2020-07-29,Sell,ZS,,,,,
,2020-07-29,Buy,EDIT,,,,,
,2020-07-29,Buy,IOVA,,,,,
,2020-07-29,Buy,IOVA,,,,,
,2020-07-29,Sell,MTLS,,,,,
,2020-07-29,Sell,NVTA,,,,,
,2020-07-29,Sell,NVTA,,,,,
,2020-07-29,Sell,NVTA,,,,,
,2020-07-29,Sell,PINS,,,,,
,2020-07-29,Buy,SPOT,,,,,
,2020-07-29,Sell,TWOU,,,,,
,2020-07-29,Sell,Z,,,,,
,2020-07-29,Buy,ESLT,,,,,
,2020-07-29,Sell,GBTC,,,,,
,2020-07-29,Buy,SPOT,,,,,
,2020-07-29,Buy,SPOT,,,,,
,2020-07-28,Buy,AVAV,,,,,
,2020-07-28,Buy,ESLT,,,,,
,2020-07-28,Buy,EDIT,,,,,
,2020-07-28,Buy,IOVA,,,,,
,2020-07-28,Buy,IOVA,,,,,
,2020-07-28,Sell,MTLS,,,,,
,2020-07-28,Buy,PD,,,,,
,2020-07-27,Sell,ARCT,,,,,
,2020-07-27,Sell,ARCT,,,,,
,2020-07-27,Buy,IONS,,,,,
,2020-07-27,Sell,MCRB,,,,,
,2020-07-27,Sell,MCRB,,,,,
,2020-07-27,Buy,EDIT,,,,,
,2020-07-27,Buy,IOVA,,,,,
,2020-07-27,Sell,MTLS,,,,,
,2020-07-27,Sell,NVTA,,,,,
,2020-07-27,Sell,NVTA,,,,,
,2020-07-27,Sell,ROKU,,,,,
,2020-07-27,Buy,SNAP,,,,,
,2020-07-27,Buy,TER,,,,,
,2020-07-27,Sell,TREE,,,,,
,2020-07-27,Sell,ADSK,,,,,
,2020-07-27,Buy,AVAV,,,,,
,2020-07-27,Buy,CAT,,,,,
,2020-07-27,Buy,DE,,,,,
,2020-07-27,Buy,ESLT,,,,,
,2020-07-27,Buy,FLIR,,,,,
,2020-07-27,Buy,IRDM,,,,,
,2020-07-27,Sell,PRLB,,,,,
,2020-07-27,Sell,PRLB,,,,,
,2020-07-27,Sell,AYX,,,,,
,2020-07-27,Sell,TREE,,,,,
,2020-07-27,Sell,TSLA,,,,,
,2020-07-27,Buy,TSM,,,,,
,2020-07-27,Buy,TSM,,,,,
,2020-07-27,Buy,TSM,,,,,
,2020-07-27,Sell,ZS,,,,,
,2020-07-24,Sell,PRLB,,,,,
,2020-07-24,Sell,PRLB,,,,,
,2020-07-24,Buy,TER,,,,,
,2020-07-24,Buy,NFLX,,,,,
,2020-07-24,Sell,TREE,,,,,
,2020-07-24,Sell,TWOU,,,,,
,2020-07-24,Buy,EDIT,,,,,
,2020-07-24,Buy,EDIT,,,,,
,2020-07-24,Sell,MTLS,,,,,
,2020-07-24,Sell,PRLB,,,,,
,2020-07-24,Sell,PRLB,,,,,
,2020-07-24,Sell,ROKU,,,,,
,2020-07-24,Buy,SNAP,,,,,
,2020-07-24,Buy,SNAP,,,,,
,2020-07-24,Buy,SPOT,,,,,
,2020-07-24,Buy,SPOT,,,,,
,2020-07-24,Sell,TREE,,,,,
,2020-07-24,Buy,WORK,,,,,
,2020-07-24,Sell,XLNX,,,,,
,2020-07-24,Sell,Z,,,,,
,2020-07-24,Sell,Z,,,,,
,2020-07-24,Sell,Z,,,,,
,2020-07-24,Buy,CLLS,,,,,
,2020-07-23,Buy,TCS LI,,,,,
,2020-07-23,Sell,ARCT,,,,,
,2020-07-23,Buy,EDIT,,,,,
,2020-07-23,Buy,HUYA,,,,,
,2020-07-23,Sell,丨LMN,,,,,
,2020-07-23,Sell,MTLS,,,,,
,2020-07-23,Sell,MTLS,,,,,
,2020-07-23,Sell,NVTA,,,,,
,2020-07-23,Buy,SNAP,,,,,
,2020-07-23,Buy,SNAP,,,,,
,2020-07-23,Buy,SNAP,,,,,
,2020-07-23,Sell,SQ,,,,,
,2020-07-23,Sell,Z,,,,,
,2020-07-23,Buy,NFLX,,,,,
,2020-07-23,Buy,SNAP,,,,,
,2020-07-23,Buy,SNAP,,,,,
,2020-07-23,Sell,SQ,,,,,
,2020-07-23,Sell,TREE,,,,,
,2020-07-23,Sell,TSLA,,,,,
,2020-07-23,Sell,Z,,,,,
,2020-07-22,Sell,4755 JP,,,,,
,2020-07-22,Buy,SCHW,,,,,
,2020-07-22,Buy,VRSK,,,,,
,2020-07-22,Sell,ARCT,,,,,
,2020-07-22,Buy,EDIT,,,,,
,2020-07-22,Buy,HUYA,,,,,
,2020-07-22,Sell,MTLS,,,,,
,2020-07-22,Sell,PINS,,,,,
,2020-07-22,Sell,PINS,,,,,
,2020-07-22,Sell,PINS,,,,,
,2020-07-22,Buy,SNAP,,,,,
,2020-07-22,Sell,Z,,,,,
,2020-07-22,Buy,SNAP,,,,,
,2020-07-22,Sell,SQ,,,,,
,2020-07-22,Sell,TSLA,,,,,
,2020-07-21,Buy,ADPT,,,,,
,2020-07-21,Sell,NSTG,,,,,
,2020-07-21,Buy,HUYA,,,,,
,2020-07-21,Sell,MTLS,,,,,
,2020-07-21,Sell,NVTA,,,,,
,2020-07-21,Sell,NVTA,,,,,
,2020-07-21,Buy,TWST,,,,,
,2020-07-21,Buy,BYDDY,,,,,
,2020-07-21,Sell,TWOU,,,,,
,2020-07-21,Buy,PSTG,,,,,
,2020-07-21,Buy,PSTG,,,,,
,2020-07-20,Buy,ADPT,,,,,
,2020-07-20,Buy,ADPT,,,,,
,2020-07-20,Sell,BLCM,,,,,
,2020-07-20,Sell,NSTG,,,,,
,2020-07-20,Sell,PGEN,,,,,
,2020-07-20,Buy,HUYA,,,,,
,2020-07-20,Buy,HUYA,,,,,
,2020-07-20,Buy,HUYA,,,,,
,2020-07-20,Sell,MTLS,,,,,
,2020-07-20,Sell,NVTA,,,,,
,2020-07-20,Sell,TSLA,,,,,
,2020-07-20,Buy,TWST,,,,,
,2020-07-20,Sell,ADSK,,,,,
,2020-07-20,Buy,BYDDY,,,,,
,2020-07-20,Buy,GOOG,,,,,
,2020-07-20,Sell,TSLA,,,,,
,2020-07-20,Sell,TSLA,,,,,
,2020-07-20,Sell,TSLA,,,,,
,2020-07-20,Sell,TWOU,,,,,
,2020-07-20,Buy,WKHS,,,,,
,2020-07-20,Buy,WKHS,,,,,
,2020-07-20,Buy,XLNX,,,,,
,2020-07-20,Sell,ADBE,,,,,
,2020-07-20,Sell,BIDU,,,,,
,2020-07-20,Sell,HUBS,,,,,
,2020-07-20,Sell,HUBS,,,,,
,2020-07-20,Buy,PSTG,,,,,
,2020-07-20,Buy,PSTG,,,,,
,2020-07-20,Sell,SHOP,,,,,
,2020-07-20,Sell,TWOU,,,,,
,2020-07-20,Sell,TWOU,,,,,
,2020-07-20,Sell,TWOU,,,,,
,2020-07-20,Buy,WORK,,,,,
,2020-07-20,Buy,XLNX,,,,,
,2020-07-20,Buy,XLNX,,,,,
,2020-07-17,Buy,BLI,,,,,
,2020-07-17,Buy,HUYA,,,,,
,2020-07-17,Buy,HUYA,,,,,
,2020-07-17,Buy,HUYA,,,,,
,2020-07-17,Sell,MTLS,,,,,
,2020-07-17,Sell,NVTA,,,,,
,2020-07-17,Sell,NVTA,,,,,
,2020-07-17,Buy,ROKU,,,,,
,2020-07-17,Sell,TSLA,,,,,
,2020-07-17,Sell,TWOU,,,,,
,2020-07-17,Sell,TWOU,,,,,
,2020-07-17,Sell,TWOU,,,,,
,2020-07-17,Buy,TWST,,,,,
,2020-07-17,Buy,TWST,,,,,
,2020-07-17,Buy,WORK,,,,,
,2020-07-17,Buy,WORK,,,,,
,2020-07-17,Buy,NFLX,,,,,
,2020-07-17,Buy,ROKU,,,,,
,2020-07-17,Sell,TSLA,,,,,
,2020-07-17,Sell,TSLA,,,,,
,2020-07-16,Buy,HUYA,,,,,
,2020-07-16,Buy,HUYA,,,,,
,2020-07-16,Sell,MTLS,,,,,
,2020-07-16,Sell,TSLA,,,,,
,2020-07-16,Sell,TWOU,,,,,
,2020-07-16,Sell,TWOU,,,,,
,2020-07-16,Buy,TWST,,,,,
,2020-07-16,Buy,WORK,,,,,
,2020-07-16,Buy,ESLT,,,,,
,2020-07-15,Buy,ACCD,,,,,
,2020-07-15,Buy,ACCD,,,,,
,2020-07-15,Buy,HUYA,,,,,
,2020-07-15,Sell,NVTA,,,,,
,2020-07-15,Sell,TSLA,,,,,
,2020-07-15,Buy,TWST,,,,,
,2020-07-15,Buy,TWST,,,,,
,2020-07-15,Buy,TWST,,,,,
,2020-07-15,Buy,ESLT,,,,,
,2020-07-15,Sell,TWOU,,,,,
,2020-07-14,Buy,DOCU,,,,,
,2020-07-14,Sell,PDD,,,,,
,2020-07-14,Sell,PINS,,,,,
,2020-07-14,Buy,SE,,,,,
,2020-07-14,Buy,ACCD,,,,,
,2020-07-14,Buy,ACCD,,,,,
,2020-07-14,Sell,ARCT,,,,,
,2020-07-14,Sell,ARCT,,,,,
,2020-07-14,Sell,CGEN,,,,,
,2020-07-14,Sell,NVTA,,,,,
,2020-07-14,Sell,NVTA,,,,,
,2020-07-14,Buy,VRTX,,,,,
,2020-07-14,Buy,HUYA,,,,,
,2020-07-14,Buy,PRLB,,,,,
,2020-07-14,Sell,TSLA,,,,,
,2020-07-14,Buy,TWST,,,,,
,2020-07-14,Buy,TWST,,,,,
,2020-07-14,Buy,TWST,,,,,
,2020-07-14,Buy,ESLT,,,,,
,2020-07-14,Buy,KMTUY,,,,,
,2020-07-14,Buy,KTOS,,,,,
,2020-07-14,Sell,TSLA,,,,,
,2020-07-14,Buy,DOCU,,,,,
,2020-07-14,Buy,DOCU,,,,,
,2020-07-14,Buy,GBTC,,,,,
,2020-07-14,Buy,LC,,,,,
,2020-07-14,Sell,PDD,,,,,
,2020-07-14,Buy,PDD,,,,,
,2020-07-14,Sell,PINS,,,,,
,2020-07-14,Buy,SE,,,,,
,2020-07-14,Buy,SE,,,,,
,2020-07-14,Sell,SNAP,,,,,
,2020-07-13,Buy,ACCD,,,,,
,2020-07-13,Sell,ARCT,,,,,
,2020-07-13,Sell,ARCT,,,,,
,2020-07-13,Sell,CGEN,,,,,
,2020-07-13,Sell,GH,,,,,
,2020-07-13,Sell,丨LMN,,,,,
,2020-07-13,Buy,VRTX,,,,,
,2020-07-13,Buy,VRTX,,,,,
,2020-07-13,Buy,DOCU,,,,,
,2020-07-13,Buy,DOCU,,,,,
,2020-07-13,Buy,HUYA,,,,,
,2020-07-13,Buy,HUYA,,,,,
,2020-07-13,Sell,NVTA,,,,,
,2020-07-13,Sell,NVTA,,,,,
,2020-07-13,Sell,PINS,,,,,
,2020-07-13,Sell,PINS,,,,,
,2020-07-13,Sell,PINS,,,,,
,2020-07-13,Buy,PRLB,,,,,
,2020-07-13,Sell,SQ,,,,,
,2020-07-13,Sell,TSLA,,,,,
,2020-07-13,Sell,TSLA,,,,,
,2020-07-13,Buy,TWST,,,,,
,2020-07-13,Buy,WORK,,,,,
,2020-07-13,Buy,WORK,,,,,
,2020-07-13,Buy,WORK,,,,,
,2020-07-13,Buy,WORK,,,,,
,2020-07-13,Buy,BIDU,,,,,
,2020-07-13,Buy,BYDDY,,,,,
,2020-07-13,Buy,CAT,,,,,
,2020-07-13,Buy,DE,,,,,
,2020-07-13,Buy,ESLT,,,,,
,2020-07-13,Buy,FLIR,,,,,
,2020-07-13,Buy,GOOG,,,,,
,2020-07-13,Buy,IRDM,,,,,
,2020-07-13,Buy,JD,,,,,
,2020-07-13,Buy,JD,,,,,
,2020-07-13,Buy,KMTUY,,,,,
,2020-07-13,Buy,KTOS,,,,,
,2020-07-13,Buy,SPCE,,,,,
,2020-07-13,Sell,TSLA,,,,,
,2020-07-13,Sell,TSLA,,,,,
,2020-07-13,Buy,XLNX,,,,,
,2020-07-13,Buy,GBTC,,,,,
,2020-07-13,Buy,LC,,,,,
,2020-07-13,Sell,PDD,,,,,
,2020-07-13,Sell,PDD,,,,,
,2020-07-13,Buy,SE,,,,,
,2020-07-13,Buy,SE,,,,,
,2020-07-13,Sell,SPLK,,,,,
,2020-07-13,Buy,TDOC,,,,,
,2020-07-13,Buy,TDOC,,,,,
,2020-07-13,Buy,TDOC,,,,,
,2020-07-13,Sell,TSLA,,,,,
,2020-07-13,Buy,WORK,,,,,
,2020-07-13,Buy,WORK,,,,,
,2020-07-10,Buy,HUYA,,,,,
,2020-07-10,Buy,HUYA,,,,,
,2020-07-10,Sell,NVTA,,,,,
,2020-07-10,Buy,PRLB,,,,,
,2020-07-10,Buy,PSTG,,,,,
,2020-07-10,Sell,TSLA,,,,,
,2020-07-10,Buy,TWST,,,,,
,2020-07-10,Buy,TWST,,,,,
,2020-07-10,Sell,XLNX,,,,,
,2020-07-10,Sell,TSLA,,,,,
,2020-07-10,Buy,WKHS,,,,,
,2020-07-10,Buy,LC,,,,,
,2020-07-10,Sell,PDD,,,,,
,2020-07-09,Sell,ARCT,,,,,
,2020-07-09,Buy,HUYA,,,,,
,2020-07-09,Buy,IOVA,,,,,
,2020-07-09,Buy,IOVA,,,,,
,2020-07-09,Sell,NVTA,,,,,
,2020-07-09,Buy,PRLB,,,,,
,2020-07-09,Buy,PSTG,,,,,
,2020-07-09,Buy,PSTG,,,,,
,2020-07-09,Sell,SQ,,,,,
,2020-07-09,Sell,TSLA,,,,,
,2020-07-09,Buy,TSM,,,,,
,2020-07-09,Buy,TWST,,,,,
,2020-07-09,Buy,WORK,,,,,
,2020-07-09,Sell,XLNX,,,,,
,2020-07-09,Sell,XLNX,,,,,
,2020-07-09,Buy,BYDDY,,,,,
,2020-07-09,Sell,TSLA,,,,,
,2020-07-09,Buy,LC,,,,,
,2020-07-09,Sell,PDD,,,,,
,2020-07-09,Buy,WORK,,,,,
,2020-07-09,Sell,XLNX,,,,,
,2020-07-08,Buy,LC,,,,,
,2020-07-08,Buy,LC,,,,,
,2020-07-08,Sell,PDD,,,,,
,2020-07-08,Sell,SQ,,,,,
,2020-07-08,Sell,TSLA,,,,,
,2020-07-08,Buy,TWTR,,,,,
,2020-07-08,Buy,BYDDY,,,,,
,2020-07-08,Sell,TSLA,,,,,
,2020-07-08,Buy,IOVA,,,,,
,2020-07-08,Buy,IOVA,,,,,
,2020-07-08,Buy,IOVA,,,,,
,2020-07-08,Buy,PRLB,,,,,
,2020-07-08,Buy,PSTG,,,,,
,2020-07-08,Sell,TSLA,,,,,
,2020-07-08,Sell,TSLA,,,,,
,2020-07-08,Sell,TSLA,,,,,
,2020-07-08,Buy,TSM,,,,,
,2020-07-08,Buy,TSM,,,,,
,2020-07-08,Buy,TWLO,,,,,
,2020-07-08,Buy,TWLO,,,,,
,2020-07-08,Buy,TWST,,,,,
,2020-07-08,Sell,ARCT,,,,,
,2020-07-08,Buy,CDNA,,,,,
,2020-07-08,Buy,CDNA,,,,,
,2020-07-08,Sell,NVTA,,,,,
,2020-07-08,Buy,TCS LI,,,,,
,2020-07-07,Buy,GBTC,,,,,
,2020-07-07,Buy,GBTC,,,,,
,2020-07-07,Buy,LC,,,,,
,2020-07-07,Sell,PDD,,,,,
,2020-07-07,Sell,TSLA,,,,,
,2020-07-07,Sell,AVAV,,,,,
,2020-07-07,Buy,BYDDY,,,,,
,2020-07-07,Buy,GOOG,,,,,
,2020-07-07,Sell,TSLA,,,,,
,2020-07-07,Buy,IOVA,,,,,
,2020-07-07,Buy,TWST,,,,,
,2020-07-07,Sell,XONE,,,,,
,2020-07-07,Sell,ARCT,,,,,
,2020-07-07,Buy,CDNA,,,,,
,2020-07-07,Buy,CLLS,,,,,
,2020-07-07,Buy,TCS LI,,,,,
,2020-07-07,Sell,3690 HK,,,,,
,2020-07-07,Buy,DSY SJ,,,,,
,2020-07-06,Buy,ADYEN NA,,,,,
,2020-07-06,Buy,旧KR,,,,,
,2020-07-06,Sell,PDD,,,,,
,2020-07-06,Sell,PYPL,,,,,
,2020-07-06,Sell,SPLK,,,,,
,2020-07-06,Sell,SQ,,,,,
,2020-07-06,Buy,TRU,,,,,
,2020-07-06,Sell,TWLO,,,,,
,2020-07-06,Buy,WDAY,,,,,
,2020-07-06,Buy,WORK,,,,,
,2020-07-06,Buy,CDNA,,,,,
,2020-07-06,Sell,NVTA,,,,,
,2020-07-06,Sell,LC,,,,,
,2020-07-06,Sell,LC,,,,,
,2020-07-06,Sell,XONE,,,,,
,2020-07-06,Sell,ADSK,,,,,
,2020-07-06,Sell,AMZN,,,,,
,2020-07-06,Sell,AVAV,,,,,
,2020-07-06,Buy,GOOG,,,,,
,2020-07-06,Sell,TER,,,,,
,2020-07-06,Buy,GBTC,,,,,
,2020-07-06,Sell,TCEHY,,,,,
,2020-07-06,Sell,TSLA,,,,,
,2020-07-06,Sell,TWLO,,,,,
,2020-07-06,Sell,TWLO,,,,,
,2020-07-06,Buy,VMW,,,,,
,2020-07-02,Sell,LC,,,,,
,2020-07-02,Sell,LC,,,,,
,2020-07-02,Sell,XONE,,,,,
,2020-07-02,Sell,XONE,,,,,
,2020-07-02,Sell,XONE,,,,,
,2020-07-02,Buy,ADYEY,,,,,
,2020-07-02,Sell,PYPL,,,,,
,2020-07-01,Sell,丨LMN,,,,,
,2020-07-01,Buy,PHR,,,,,
,2020-07-01,Buy,PHR,,,,,
,2020-07-01,Buy,CRSP,,,,,
,2020-07-01,Buy,IOVA,,,,,
,2020-07-01,Sell,LC,,,,,
,2020-07-01,Sell,TSLA,,,,,
,2020-07-01,Buy,GOOG,,,,,
,2020-07-01,Sell,TSLA,,,,,
,2020-07-01,Sell,TSLA,,,,,
,2020-07-01,Buy,WKHS,,,,,
,2020-07-01,Buy,ADYEY,,,,,
,2020-07-01,Sell,PYPL,,,,,
,2020-06-30,Sell,CGEN,,,,,
,2020-06-30,Buy,PHR,,,,,
,2020-06-30,Buy,IOVA,,,,,
,2020-06-30,Sell,TER,,,,,
,2020-06-30,Sell,TER,,,,,
,2020-06-30,Sell,TSLA,,,,,
,2020-06-30,Sell,ADSK,,,,,
,2020-06-30,Sell,AVAV,,,,,
,2020-06-30,Buy,GOOG,,,,,
,2020-06-30,Buy,SPCE,,,,,
,2020-06-30,Sell,TER,,,,,
,2020-06-30,Buy,ADYEY,,,,,
,2020-06-30,Sell,PYPL,,,,,
,2020-06-29,Sell,CGEN,,,,,
,2020-06-29,Sell,INO,,,,,
,2020-06-29,Buy,IOVA,,,,,
,2020-06-29,Buy,PHR,,,,,
,2020-06-29,Sell,ADSK,,,,,
,2020-06-29,Sell,ADSK,,,,,
,2020-06-29,Sell,LC,,,,,
,2020-06-29,Sell,LC,,,,,
,2020-06-29,Buy,ROKU,,,,,
,2020-06-29,Buy,ROKU,,,,,
,2020-06-29,Sell,TER,,,,,
,2020-06-29,Buy,WORK,,,,,
,2020-06-29,Sell,AVAV,,,,,
,2020-06-29,Buy,GOOG,,,,,
,2020-06-29,Sell,SPLK,,,,,
,2020-06-29,Buy,ADYEY,,,,,
,2020-06-29,Sell,PYPL,,,,,
,2020-06-26,Sell,TWOU,,,,,
,2020-06-26,Sell,ARCT,,,,,
,2020-06-26,Buy,CLLS,,,,,
,2020-06-26,Buy,CLLS,,,,,
,2020-06-26,Buy,TCS LI,,,,,
,2020-06-26,Sell,3690 HK,,,,,
,2020-06-26,Buy,FB,,,,,
,2020-06-25,Buy,TCS LI,,,,,
,2020-06-25,Sell,SQ,,,,,
,2020-06-25,Buy,WORK,,,,,
,2020-06-25,Sell,ARCT,,,,,
,2020-06-25,Sell,ARCT,,,,,
,2020-06-25,Buy,CLLS,,,,,
,2020-06-25,Sell,ADSK,,,,,
,2020-06-25,Sell,ADSK,,,,,
,2020-06-25,Sell,NVTA,,,,,
,2020-06-25,Sell,SQ,,,,,
,2020-06-25,Sell,TSLA,,,,,
,2020-06-25,Buy,WORK,,,,,
,2020-06-25,Buy,WORK,,,,,
,2020-06-25,Sell,SQ,,,,,
,2020-06-25,Sell,TWOU,,,,,
,2020-06-25,Buy,WORK,,,,,
,2020-06-25,Buy,WORK,,,,,
,2020-06-24,Buy,TCS LI,,,,,
,2020-06-24,Sell,PDD,,,,,
,2020-06-24,Sell,SE,,,,,
,2020-06-24,Sell,SQ,,,,,
,2020-06-24,Buy,Z,,,,,
,2020-06-24,Buy,CLLS,,,,,
,2020-06-24,Buy,CLLS,,,,,
,2020-06-24,Buy,CLLS,,,,,
,2020-06-24,Buy,PSNL,,,,,
,2020-06-24,Buy,PSNL,,,,,
,2020-06-24,Buy,SDGR,,,,,
,2020-06-24,Sell,ADSK,,,,,
,2020-06-24,Sell,丨LMN,,,,,
,2020-06-24,Buy,TREE,,,,,
,2020-06-24,Buy,TREE,,,,,
,2020-06-24,Buy,WORK,,,,,
,2020-06-24,Buy,WORK,,,,,
,2020-06-24,Sell,XONE,,,,,
,2020-06-24,Sell,ADSK,,,,,
,2020-06-24,Buy,WKHS,,,,,
,2020-06-24,Buy,PSTG,,,,,
,2020-06-24,Buy,PSTG,,,,,
,2020-06-24,Buy,PSTG,,,,,
,2020-06-24,Sell,SPLK,,,,,
,2020-06-24,Sell,SPLK,,,,,
,2020-06-24,Buy,SPOT,,,,,
,2020-06-24,Sell,SQ,,,,,
,2020-06-24,Sell,SQ,,,,,
,2020-06-24,Buy,WORK,,,,,
,2020-06-23,Buy,CLLS,,,,,
,2020-06-23,Buy,PSNL,,,,,
,2020-06-23,Buy,PSNL,,,,,
,2020-06-23,Buy,PSNL,,,,,
,2020-06-23,Sell,丨LMN,,,,,
,2020-06-23,Sell,NVTA,,,,,
,2020-06-23,Buy,PSTG,,,,,
,2020-06-23,Buy,PSTG,,,,,
,2020-06-23,Buy,PSTG,,,,,
,2020-06-23,Buy,TREE,,,,,
,2020-06-23,Sell,XONE,,,,,
,2020-06-23,Sell,PD,,,,,
,2020-06-23,Buy,SPOT,,,,,
,2020-06-22,Sell,SQ,,,,,
,2020-06-22,Buy,TREE,,,,,
,2020-06-22,Buy,AQB,,,,,
,2020-06-22,Buy,AQB,,,,,
,2020-06-22,Sell,CBMG,,,,,
,2020-06-22,Buy,CLLS,,,,,
,2020-06-22,Buy,GH,,,,,
,2020-06-22,Sell,丨LMN,,,,,
,2020-06-22,Buy,丨NCY,,,,,
,2020-06-22,Buy,IONS,,,,,
,2020-06-22,Sell,NVTA,,,,,
,2020-06-22,Buy,PSNL,,,,,
,2020-06-22,Buy,PSTG,,,,,
,2020-06-22,Buy,SDGR,,,,,
,2020-06-22,Buy,TXG,,,,,
,2020-06-22,Sell,ADSK,,,,,
,2020-06-22,Sell,ADSK,,,,,
,2020-06-22,Sell,CGEN,,,,,
,2020-06-22,Sell,丨LMN,,,,,
,2020-06-22,Buy,IOVA,,,,,
,2020-06-22,Sell,NSTG,,,,,
,2020-06-22,Sell,PD,,,,,
,2020-06-22,Sell,PD,,,,,
,2020-06-22,Buy,PSTG,,,,,
,2020-06-22,Buy,PSTG,,,,,
,2020-06-22,Sell,SPLK,,,,,
,2020-06-22,Sell,SPLK,,,,,
,2020-06-22,Buy,SPOT,,,,,
,2020-06-22,Buy,SPOT,,,,,
,2020-06-22,Sell,ADSK,,,,,
,2020-06-22,Buy,FLIR,,,,,
,2020-06-22,Sell,NVDA,,,,,
,2020-06-22,Buy,SPCE,,,,,
,2020-06-22,Sell,TER,,,,,
,2020-06-22,Buy,NFLX,,,,,
,2020-06-22,Sell,SNAP,,,,,
,2020-06-22,Sell,SNAP,,,,,
,2020-06-19,Buy,6060 HK,,,,,
,2020-06-19,Buy,LC,,,,,
,2020-06-19,Sell,ARCT,,,,,
,2020-06-19,Buy,CLLS,,,,,
,2020-06-19,Buy,IONS,,,,,
,2020-06-19,Sell,ADSK,,,,,
,2020-06-19,Sell,ADSK,,,,,
,2020-06-19,Sell,CGEN,,,,,
,2020-06-19,Buy,IOVA,,,,,
,2020-06-19,Buy,IOVA,,,,,
,2020-06-19,Buy,IOVA,,,,,
,2020-06-19,Sell,NSTG,,,,,
,2020-06-19,Buy,WORK,,,,,
,2020-06-19,Sell,Z,,,,,
,2020-06-19,Sell,AAPL,,,,,
,2020-06-19,Buy,WORK,,,,,
,2020-06-18,Sell,WDI GR,,,,,
,2020-06-18,Sell,WDI GR,,,,,
,2020-06-18,Sell,ARCT,,,,,
,2020-06-18,Sell,ARCT,,,,,
,2020-06-18,Sell,CBMG,,,,,
,2020-06-18,Buy,CLLS,,,,,
,2020-06-18,Buy,CRSP,,,,,
,2020-06-18,Sell,EDIT,,,,,
,2020-06-18,Buy,IOVA,,,,,
,2020-06-17,Buy,JD,,,,,
,2020-06-17,Sell,MTLS,,,,,
,2020-06-17,Buy,CRSP,,,,,
,2020-06-17,Buy,CRSP,,,,,
,2020-06-17,Sell,EDIT,,,,,
,2020-06-16,Sell,3690 HK,,,,,
,2020-06-16,Buy,SNAP,,,,,
,2020-06-16,Buy,PACB,,,,,
,2020-06-16,Buy,PACB,,,,,
,2020-06-16,Buy,PACB,,,,,
,2020-06-16,Buy,CRSP,,,,,
,2020-06-16,Buy,IOVA,,,,,
,2020-06-16,Buy,IOVA,,,,,
,2020-06-16,Buy,IOVA,,,,,
,2020-06-16,Sell,LC,,,,,
,2020-06-16,Sell,LC,,,,,
,2020-06-16,Buy,ROKU,,,,,
,2020-06-16,Sell,TSLA,,,,,
,2020-06-16,Sell,TSLA,,,,,
,2020-06-16,Sell,XONE,,,,,
,2020-06-16,Sell,Z,,,,,
,2020-06-16,Buy,ESLT,,,,,
,2020-06-16,Sell,MTLS,,,,,
,2020-06-16,Sell,PINS,,,,,
,2020-06-16,Sell,SE,,,,,
,2020-06-16,Buy,TCEHY,,,,,
,2020-06-15,Buy,旧KR,,,,,
,2020-06-15,Sell,MELI,,,,,
,2020-06-15,Sell,PDD,,,,,
,2020-06-15,Sell,SE,,,,,
,2020-06-15,Buy,SNAP,,,,,
,2020-06-15,Buy,WORK,,,,,
,2020-06-15,Sell,CDXS,,,,,
,2020-06-15,Sell,CDXS,,,,,
,2020-06-15,Sell,CDXS,,,,,
,2020-06-15,Buy,PACB,,,,,
,2020-06-15,Buy,IOVA,,,,,
,2020-06-15,Buy,IOVA,,,,,
,2020-06-15,Sell,LC,,,,,
,2020-06-15,Buy,PD,,,,,
,2020-06-15,Buy,PD,,,,,
,2020-06-15,Buy,PSTG,,,,,
,2020-06-15,Buy,PSTG,,,,,
,2020-06-15,Buy,PSTG,,,,,
,2020-06-15,Sell,SQ,,,,,
,2020-06-15,Sell,SQ,,,,,
,2020-06-15,Sell,SQ,,,,,
,2020-06-15,Buy,TWST,,,,,
,2020-06-15,Sell,Z,,,,,
,2020-06-15,Sell,Z,,,,,
,2020-06-15,Sell,ADSK,,,,,
,2020-06-15,Sell,AVAV,,,,,
,2020-06-15,Buy,ESLT,,,,,
,2020-06-15,Buy,KTOS,,,,,
,2020-06-15,Sell,PRLB,,,,,
,2020-06-15,Buy,SPCE,,,,,
,2020-06-15,Sell,TER,,,,,
,2020-06-15,Buy,TWOU,,,,,
,2020-06-15,Buy,XLNX,,,,,
,2020-06-15,Sell,MELI,,,,,
,2020-06-15,Sell,PDD,,,,,
,2020-06-15,Sell,PINS,,,,,
,2020-06-15,Buy,ROKU,,,,,
,2020-06-15,Sell,SE,,,,,
,2020-06-15,Buy,SNAP,,,,,
,2020-06-15,Buy,SPOT,,,,,
,2020-06-15,Sell,TSLA,,,,,
,2020-06-15,Sell,TWLO,,,,,
,2020-06-15,Buy,VMW,,,,,
,2020-06-12,Sell,CDXS,,,,,
,2020-06-12,Buy,GH,,,,,
,2020-06-12,Buy,PACB,,,,,
,2020-06-12,Sell,LC,,,,,
,2020-06-12,Buy,IRDM,,,,,
,2020-06-12,Sell,TER,,,,,
,2020-06-11,Buy,CDNA,,,,,
,2020-06-11,Buy,IOVA,,,,,
,2020-06-11,Buy,IOVA,,,,,
,2020-06-11,Buy,丨RDM,,,,,
,2020-06-11,Buy,丨RDM,,,,,
,2020-06-11,Buy,SPCE,,,,,
,2020-06-11,Buy,SPCE,,,,,
,2020-06-11,Sell,TSLA,,,,,
,2020-06-10,Sell,3690 HK,,,,,
,2020-06-10,Buy,GWRE,,,,,
,2020-06-10,Sell,CDXS,,,,,
,2020-06-10,Sell,CDXS,,,,,
,2020-06-10,Sell,ADSK,,,,,
,2020-06-10,Buy,IOVA,,,,,
,2020-06-10,Buy,丨RDM,,,,,
,2020-06-10,Buy,丨RDM,,,,,
,2020-06-10,Sell,NSTG,,,,,
,2020-06-10,Sell,NSTG,,,,,
,2020-06-09,Sell,CDXS,,,,,
,2020-06-09,Buy,FATE,,,,,
,2020-06-09,Sell,ADSK,,,,,
,2020-06-09,Buy,丨RDM,,,,,
,2020-06-09,Sell,SPLK,,,,,
,2020-06-09,Sell,SPLK,,,,,
,2020-06-09,Sell,SQ,,,,,
,2020-06-09,Buy,WORK,,,,,
,2020-06-09,Buy,WORK,,,,,
,2020-06-09,Buy,WORK,,,,,
,2020-06-09,Sell,AVAV,,,,,
,2020-06-09,Buy,KTOS,,,,,
,2020-06-09,Sell,SPLK,,,,,
,2020-06-09,Sell,SPLK,,,,,
,2020-06-09,Sell,SQ,,,,,
,2020-06-09,Buy,WORK,,,,,
,2020-06-09,Buy,WORK,,,,,
,2020-06-08,Buy,PD,,,,,
,2020-06-08,Sell,SPLK,,,,,
,2020-06-08,Sell,VCYT,,,,,
,2020-06-08,Sell,VCYT,,,,,
,2020-06-08,Buy,WORK,,,,,
,2020-06-08,Sell,AVAV,,,,,
,2020-06-08,Buy,FLIR,,,,,
,2020-06-08,Buy,FLIR,,,,,
,2020-06-08,Buy,KTOS,,,,,
,2020-06-08,Sell,TER,,,,,
,2020-06-08,Sell,TER,,,,,
,2020-06-08,Buy,XLNX,,,,,
,2020-06-08,Buy,XLNX,,,,,
,2020-06-08,Sell,ADSK,,,,,
,2020-06-08,Buy,丨RDM,,,,,
,2020-06-08,Sell,LC,,,,,
,2020-06-08,Sell,LC,,,,,
,2020-06-08,Sell,LC,,,,,
,2020-06-08,Sell,MTLS,,,,,
,2020-06-08,Sell,TER,,,,,
,2020-06-08,Sell,TER,,,,,
,2020-06-08,Buy,WORK,,,,,
,2020-06-08,Buy,WORK,,,,,
,2020-06-08,Buy,WORK,,,,,
,2020-06-08,Sell,XONE,,,,,
,2020-06-08,Sell,CDXS,,,,,
,2020-06-05,Buy,PSTI,,,,,
,2020-06-05,Sell,丨LMN,,,,,
,2020-06-05,Buy,IOVA,,,,,
,2020-06-05,Buy,IOVA,,,,,
,2020-06-05,Sell,LC,,,,,
,2020-06-05,Sell,MTLS,,,,,
,2020-06-05,Sell,NSTG,,,,,
,2020-06-05,Sell,NSTG,,,,,
,2020-06-05,Sell,NTLA,,,,,
,2020-06-05,Buy,PD,,,,,
,2020-06-05,Buy,PD,,,,,
,2020-06-05,Buy,PD,,,,,
,2020-06-05,Buy,PD,,,,,
,2020-06-05,Sell,PRLB,,,,,
,2020-06-05,Buy,ROKU,,,,,
,2020-06-05,Buy,ROKU,,,,,
,2020-06-05,Sell,SPLK,,,,,
,2020-06-05,Sell,SQ,,,,,
,2020-06-05,Sell,SQ,,,,,
,2020-06-05,Sell,TREE,,,,,
,2020-06-05,Sell,TREE,,,,,
,2020-06-05,Sell,TSLA,,,,,
,2020-06-05,Buy,WORK,,,,,
,2020-06-05,Sell,XLNX,,,,,
,2020-06-05,Sell,Z,,,,,
,2020-06-05,Buy,PD,,,,,
,2020-06-05,Buy,ROKU,,,,,
,2020-06-05,Buy,ROKU,,,,,
,2020-06-05,Sell,SPLK,,,,,
,2020-06-05,Sell,SQ,,,,,
,2020-06-05,Sell,TSLA,,,,,
,2020-06-05,Sell,TWTR,,,,,
,2020-06-05,Sell,VCYT,,,,,
,2020-06-05,Buy,WORK,,,,,
,2020-06-05,Sell,XLNX,,,,,
,2020-06-05,Sell,Z,,,,,
,2020-06-04,Buy,IOVA,,,,,
,2020-06-04,Buy,PSTI,,,,,
,2020-06-04,Sell,LC,,,,,
,2020-06-04,Sell,LC,,,,,
,2020-06-03,Buy,ROKU,,,,,
,2020-06-03,Sell,SQ,,,,,
,2020-06-03,Sell,CGEN,,,,,
,2020-06-03,Sell,CGEN,,,,,
,2020-06-03,Sell,丨LMN,,,,,
,2020-06-03,Buy,IOVA,,,,,
,2020-06-03,Sell,LC,,,,,
,2020-06-03,Sell,LC,,,,,
,2020-06-03,Buy,ROKU,,,,,
,2020-06-03,Sell,XONE,,,,,
,2020-06-03,Sell,CGEN,,,,,
,2020-06-03,Sell,CGEN,,,,,
,2020-06-03,Buy,PSTI,,,,,
,2020-06-02,Sell,ADYEN,,,,,
,2020-06-02,Sell,CGEN,,,,,
,2020-06-02,Buy,IONS,,,,,
,2020-06-02,Buy,IONS,,,,,
,2020-06-02,Sell,LC,,,,,
,2020-06-02,Sell,LC,,,,,
,2020-06-02,Sell,SPLK,,,,,
,2020-06-02,Buy,TWST,,,,,
,2020-06-02,Buy,TWST,,,,,
,2020-06-02,Buy,TWST,,,,,
,2020-06-02,Sell,Z,,,,,
,2020-06-02,Buy,BIDU,,,,,
,2020-06-02,Buy,CAT,,,,,
,2020-06-02,Buy,JD,,,,,
,2020-06-02,Buy,KMTUY,,,,,
,2020-06-02,Buy,KMTUY,,,,,
,2020-06-02,Sell,PRLB,,,,,
,2020-06-01,Buy,TWST,,,,,
,2020-06-01,Sell,CRM,,,,,
,2020-06-01,Sell,DOCU,,,,,
,2020-06-01,Sell,GWRE,,,,,
,2020-06-01,Buy,旧KR,,,,,
,2020-06-01,Buy,WDAY,,,,,
,2020-06-01,Buy,DE,,,,,
,2020-06-01,Buy,TWST,,,,,
,2020-06-01,Sell,NSTG,,,,,
,2020-06-01,Buy,NVTA,,,,,
,2020-06-01,Buy,TWST,,,,,
,2020-06-01,Sell,CGEN,,,,,
,2020-06-01,Buy,BIDU,,,,,
,2020-06-01,Buy,DE,,,,,
,2020-06-01,Buy,JD,,,,,
,2020-06-01,Sell,PRLB,,,,,
,2020-06-01,Sell,XONE,,,,,
,2020-06-01,Sell,GH,,,,,
,2020-06-01,Buy,IONS,,,,,
,2020-06-01,Sell,NSTG,,,,,
,2020-06-01,Buy,NVTA,,,,,
,2020-06-01,Buy,TXG,,,,,
,2020-05-29,Buy,CRM,,,,,
,2020-05-29,Sell,ZS,,,,,
,2020-05-29,Sell,ILMN,,,,,
,2020-05-29,Buy,IOVA,,,,,
,2020-05-29,Buy,IOVA,,,,,
,2020-05-29,Buy,IOVA,,,,,
,2020-05-29,Buy,IOVA,,,,,
,2020-05-29,Sell,PRLB,,,,,
,2020-05-29,Sell,SQ,,,,,
,2020-05-29,Sell,TWOU,,,,,
,2020-05-29,Sell,CGEN,,,,,
,2020-05-29,Sell,CGEN,,,,,
,2020-05-29,Sell,ILMN,,,,,
,2020-05-29,Buy,IOVA,,,,,
,2020-05-28,Buy,LC,,,,,
,2020-05-28,Sell,PYPL,,,,,
,2020-05-28,Buy,TWST,,,,,
,2020-05-28,Sell,XONE,,,,,
,2020-05-28,Buy,BIDU,,,,,
,2020-05-28,Buy,CAT,,,,,
,2020-05-28,Buy,CAT,,,,,
,2020-05-28,Buy,DE,,,,,
,2020-05-28,Buy,JD,,,,,
,2020-05-28,Buy,KMTUY,,,,,
,2020-05-28,Buy,KMTUY,,,,,
,2020-05-28,Sell,PRLB,,,,,
,2020-05-27,Buy,TWST,,,,,
,2020-05-27,Buy,TWST,,,,,
,2020-05-27,Buy,IONS,,,,,
,2020-05-27,Buy,TXG,,,,,
,2020-05-27,Sell,GWRE,,,,,
,2020-05-27,Buy,LC,,,,,
,2020-05-27,Sell,PYPL,,,,,
,2020-05-26,Sell,AYX,,,,,
,2020-05-26,Buy,FB,,,,,
,2020-05-26,Sell,PD,,,,,
,2020-05-26,Sell,PINS,,,,,
,2020-05-26,Buy,PSTG,,,,,
,2020-05-26,Sell,ADSK,,,,,
,2020-05-26,Sell,丨LMN,,,,,
,2020-05-26,Sell,LC,,,,,
,2020-05-26,Sell,LC,,,,,
,2020-05-26,Buy,SPOT,,,,,
,2020-05-26,Sell,Z,,,,,
,2020-05-26,Sell,Z,,,,,
,2020-05-26,Sell,CGEN,,,,,
,2020-05-26,Sell,NTLA,,,,,
,2020-05-26,Buy,TXG,,,,,
,2020-05-22,Sell,NTLA,,,,,
,2020-05-22,Buy,PSNL,,,,,
,2020-05-22,Buy,ROKU,,,,,
,2020-05-22,Sell,SPLK,,,,,
,2020-05-22,Sell,SQ,,,,,
,2020-05-22,Sell,TSLA,,,,,
,2020-05-22,Buy,ROKU,,,,,
,2020-05-22,Sell,SPLK,,,,,
,2020-05-22,Sell,SQ,,,,,
,2020-05-22,Sell,TSLA,,,,,
,2020-05-21,Buy,CLLS,,,,,
,2020-05-21,Buy,PSNL,,,,,
,2020-05-21,Buy,PSTG,,,,,
,2020-05-21,Buy,PSTG,,,,,
,2020-05-21,Buy,PSTG,,,,,
,2020-05-21,Buy,ROKU,,,,,
,2020-05-21,Sell,XLNX,,,,,
,2020-05-21,Sell,XLNX,,,,,
,2020-05-21,Sell,XONE,,,,,
,2020-05-21,Sell,XONE,,,,,
,2020-05-21,Buy,HUYA,,,,,
,2020-05-21,Buy,ROKU,,,,,
,2020-05-21,Sell,XLNX,,,,,
,2020-05-21,Sell,XLNX,,,,,
,2020-05-20,Buy,FB,,,,,
,2020-05-20,Sell,TWLO,,,,,
,2020-05-20,Sell,ARCT,,,,,
,2020-05-20,Sell,ARCT,,,,,
,2020-05-20,Sell,ARCT,,,,,
,2020-05-20,Sell,ARCT,,,,,
,2020-05-20,Buy,CLLS,,,,,
,2020-05-20,Buy,IONS,,,,,
,2020-05-20,Buy,PSNL,,,,,
,2020-05-20,Buy,EDIT,,,,,
,2020-05-20,Sell,丨LMN,,,,,
,2020-05-20,Sell,丨LMN,,,,,
,2020-05-20,Sell,NSTG,,,,,
,2020-05-20,Sell,PINS,,,,,
,2020-05-20,Sell,PINS,,,,,
,2020-05-20,Buy,PSTG,,,,,
,2020-05-20,Buy,PSTG,,,,,
,2020-05-20,Buy,PSTG,,,,,
,2020-05-20,Buy,ROKU,,,,,
,2020-05-20,Buy,FB,,,,,
,2020-05-20,Buy,HUYA,,,,,
,2020-05-20,Sell,NFLX,,,,,
,2020-05-20,Sell,PINS,,,,,
,2020-05-20,Sell,TWLO,,,,,
,2020-05-19,Buy,WDI GR,,,,,
,2020-05-19,Sell,NVDA,,,,,
,2020-05-19,Buy,PYPL,,,,,
,2020-05-19,Sell,SCHW,,,,,
,2020-05-19,Sell,ARCT,,,,,
,2020-05-19,Sell,ARCT,,,,,
,2020-05-19,Buy,CLLS,,,,,
,2020-05-19,Buy,CLLS,,,,,
,2020-05-19,Buy,PSNL,,,,,
,2020-05-19,Buy,EDIT,,,,,
,2020-05-19,Buy,EDIT,,,,,
,2020-05-19,Sell,丨LMN,,,,,
,2020-05-19,Sell,丨LMN,,,,,
,2020-05-19,Sell,LC,,,,,
,2020-05-19,Sell,XONE,,,,,
,2020-05-19,Sell,XONE,,,,,
,2020-05-19,Sell,XONE,,,,,
,2020-05-19,Buy,PYPL,,,,,
,2020-05-19,Sell,TTD,,,,,
,2020-05-18,Sell,ADSK,,,,,
,2020-05-18,Buy,GOOG,,,,,
,2020-05-18,Buy,TCEHY,,,,,
,2020-05-18,Buy,TSM,,,,,
,2020-05-18,Buy,CRSP,,,,,
,2020-05-18,Buy,EDIT,,,,,
,2020-05-18,Sell,LC,,,,,
,2020-05-18,Sell,LC,,,,,
,2020-05-18,Sell,TWOU,,,,,
,2020-05-18,Sell,XONE,,,,,
,2020-05-18,Sell,ARCT,,,,,
,2020-05-18,Sell,ARCT,,,,,
,2020-05-18,Buy,PSNL,,,,,
,2020-05-18,Buy,TXG,,,,,
,2020-05-18,Buy,TXG,,,,,
,2020-05-15,Sell,ARCT,,,,,
,2020-05-15,Buy,CRSP,,,,,
,2020-05-15,Sell,丨LMN,,,,,
,2020-05-15,Buy,CRSP,,,,,
,2020-05-15,Sell,LC,,,,,
,2020-05-15,Buy,TER,,,,,
,2020-05-15,Sell,TSLA,,,,,
,2020-05-15,Sell,TWOU,,,,,
,2020-05-15,Sell,TWOU,,,,,
,2020-05-15,Buy,TER,,,,,
,2020-05-15,Sell,TSLA,,,,,
,2020-05-14,Buy,CGEN,,,,,
,2020-05-14,Buy,丨RDM,,,,,
,2020-05-14,Buy,IRDM,,,,,
,2020-05-14,Sell,LC,,,,,
,2020-05-14,Sell,NSTG,,,,,
,2020-05-14,Sell,TWOU,,,,,
,2020-05-14,Sell,TWOU,,,,,
,2020-05-14,Buy,TWST,,,,,
,2020-05-13,Buy,ADPT,,,,,
,2020-05-13,Buy,ADPT,,,,,
,2020-05-13,Sell,CGEN,,,,,
,2020-05-13,Sell,EDIT,,,,,
,2020-05-13,Sell,丨LMN,,,,,
,2020-05-13,Sell,丨NCY,,,,,
,2020-05-13,Sell,INO,,,,,
,2020-05-13,Sell,INO,,,,,
,2020-05-13,Buy,SDGR,,,,,
,2020-05-13,Sell,丨LMN,,,,,
,2020-05-13,Sell,NSTG,,,,,
,2020-05-13,Sell,TSLA,,,,,
,2020-05-13,Sell,TWOU,,,,,
,2020-05-13,Sell,TWOU,,,,,
,2020-05-13,Buy,TWST,,,,,
,2020-05-13,Buy,TWST,,,,,
,2020-05-13,Buy,Z,,,,,
,2020-05-13,Buy,Z,,,,,
,2020-05-13,Buy,Z,,,,,
,2020-05-13,Buy,Z,,,,,
,2020-05-13,Buy,Z,,,,,
,2020-05-13,Buy,Z,,,,,
,2020-05-13,Sell,MELI,,,,,
,2020-05-13,Sell,TSLA,,,,,
,2020-05-13,Sell,XLNX,,,,,
,2020-05-13,Buy,Z,,,,,
,2020-05-13,Buy,Z,,,,,
,2020-05-13,Buy,Z,,,,,
,2020-05-13,Buy,Z,,,,,
,2020-05-12,Buy,CSTL,,,,,
,2020-05-12,Sell,TSLA,,,,,
,2020-05-12,Buy,Z,,,,,
,2020-05-12,Sell,APTV,,,,,
,2020-05-12,Buy,KMTUY,,,,,
,2020-05-12,Sell,TSLA,,,,,
,2020-05-11,Buy,AMZN,,,,,
,2020-05-11,Buy,PINS,,,,,
,2020-05-11,Sell,PYPL,,,,,
,2020-05-11,Sell,TWLO,,,,,
,2020-05-11,Sell,ARCT,,,,,
,2020-05-11,Buy,CSTL,,,,,
,2020-05-11,Buy,CERS,,,,,
,2020-05-11,Buy,CERS,,,,,
,2020-05-11,Sell,LC,,,,,
,2020-05-11,Sell,APTV,,,,,
,2020-05-11,Buy,CAT,,,,,
,2020-05-11,Buy,DE,,,,,
,2020-05-11,Buy,丨RDM,,,,,
,2020-05-11,Buy,KMTUY,,,,,
,2020-05-11,Buy,AMZN,,,,,
,2020-05-11,Buy,PD,,,,,
,2020-05-11,Buy,PD,,,,,
,2020-05-11,Sell,TWLO,,,,,
,2020-05-08,Buy,ROKU,,,,,
,2020-05-08,Buy,SPOT,,,,,
,2020-05-08,Sell,SQ,,,,,
,2020-05-08,Sell,TSLA,,,,,
,2020-05-08,Sell,Z,,,,,
,2020-05-08,Buy,CERS,,,,,
,2020-05-08,Sell,LC,,,,,
,2020-05-08,Sell,LC,,,,,
,2020-05-08,Sell,NSTG,,,,,
,2020-05-08,Buy,ROKU,,,,,
,2020-05-08,Sell,TSLA,,,,,
,2020-05-08,Buy,TWST,,,,,
,2020-05-08,Sell,ARCT,,,,,
,2020-05-08,Buy,CSTL,,,,,
,2020-05-08,Buy,PACB,,,,,
,2020-05-07,Sell,ARCT,,,,,
,2020-05-07,Sell,ARCT,,,,,
,2020-05-07,Sell,CGEN,,,,,
,2020-05-07,Buy,CSTL,,,,,
,2020-05-07,Buy,PACB,,,,,
,2020-05-07,Buy,PACB,,,,,
,2020-05-07,Buy,PACB,,,,,
,2020-05-07,Buy,VCYT,,,,,
,2020-05-07,Buy,CERS,,,,,
,2020-05-07,Buy,CERS,,,,,
,2020-05-07,Sell,丨LMN,,,,,
,2020-05-07,Sell,丨LMN,,,,,
,2020-05-07,Sell,LC,,,,,
,2020-05-07,Sell,LC,,,,,
,2020-05-07,Sell,NSTG,,,,,
,2020-05-07,Buy,TREE,,,,,
,2020-05-07,Buy,TREE,,,,,
,2020-05-07,Sell,TWOU,,,,,
,2020-05-07,Sell,TWOU,,,,,
,2020-05-07,Buy,TWST,,,,,
,2020-05-07,Buy,TWST,,,,,
,2020-05-07,Buy,ANSS,,,,,
,2020-05-07,Sell,TSLA,,,,,
,2020-05-07,Buy,AYX,,,,,
,2020-05-07,Sell,MELI,,,,,
,2020-05-07,Buy,OKTA,,,,,
,2020-05-07,Sell,TWLO,,,,,
,2020-05-07,Sell,TWOU,,,,,
,2020-05-06,Sell,ARCT,,,,,
,2020-05-06,Sell,ARCT,,,,,
,2020-05-06,Buy,CERS,,,,,
,2020-05-06,Buy,CSTL,,,,,
,2020-05-06,Buy,CSTL,,,,,
,2020-05-06,Sell,INO,,,,,
,2020-05-06,Buy,PACB,,,,,
,2020-05-06,Buy,PSTG,,,,,
,2020-05-06,Buy,PSTG,,,,,
,2020-05-06,Sell,丨LMN,,,,,
,2020-05-06,Sell,丨LMN,,,,,
,2020-05-06,Buy,PINS,,,,,
,2020-05-06,Buy,PINS,,,,,
,2020-05-06,Buy,TREE,,,,,
,2020-05-06,Sell,TSLA,,,,,
,2020-05-06,Sell,TWOU,,,,,
,2020-05-06,Buy,TWST,,,,,
,2020-05-06,Sell,ADSK,,,,,
,2020-05-06,Buy,MTLS,,,,,
,2020-05-06,Buy,MTLS,,,,,
,2020-05-06,Sell,MELI,,,,,
,2020-05-06,Buy,PINS,,,,,
,2020-05-06,Buy,PINS,,,,,
,2020-05-06,Sell,TWTR,,,,,
,2020-05-05,Sell,ARCT,,,,,
,2020-05-05,Sell,ARCT,,,,,
,2020-05-05,Buy,PACB,,,,,
,2020-05-05,Buy,PSTG,,,,,
,2020-05-05,Buy,TXG,,,,,
,2020-05-05,Buy,TXG,,,,,
,2020-05-05,Sell,LC,,,,,
,2020-05-05,Sell,LC,,,,,
,2020-05-05,Buy,MTLS,,,,,
,2020-05-05,Buy,MTLS,,,,,
,2020-05-05,Buy,HUYA,,,,,
,2020-05-05,Buy,HUYA,,,,,
,2020-05-05,Sell,NFLX,,,,,
,2020-05-05,Buy,TREE,,,,,
,2020-05-05,Sell,XLNX,,,,,
,2020-05-05,Sell,XLNX,,,,,
,2020-05-04,Sell,AMZN,,,,,
,2020-05-04,Buy,BABA,,,,,
,2020-05-04,Buy,GWRE,,,,,
,2020-05-04,Sell,PYPL,,,,,
,2020-05-04,Sell,TCEHY,,,,,
,2020-05-04,Sell,ARCT,,,,,
,2020-05-04,Buy,CDNA,,,,,
,2020-05-04,Buy,GH,,,,,
,2020-05-04,Buy,GH,,,,,
,2020-05-04,Sell,INO,,,,,
,2020-05-04,Buy,TXG,,,,,
,2020-05-04,Sell,LC,,,,,
,2020-05-04,Sell,LC,,,,,
,2020-05-04,Buy,MTLS,,,,,
,2020-05-04,Buy,MTLS,,,,,
,2020-05-04,Buy,TER,,,,,
,2020-05-04,Sell,XLNX,,,,,
,2020-05-04,Sell,AMZN,,,,,
,2020-05-04,Buy,BABA,,,,,
,2020-05-04,Buy,HUYA,,,,,
,2020-05-04,Sell,SE,,,,,
,2020-05-01,Sell,MELI,,,,,
,2020-05-01,Buy,SI,,,,,
,2020-05-01,Buy,SI,,,,,
,2020-05-01,Sell,ARCT,,,,,
,2020-05-01,Sell,ARCT,,,,,
,2020-05-01,Buy,CDNA,,,,,
,2020-05-01,Buy,CRSP,,,,,
,2020-05-01,Buy,CRSP,,,,,
,2020-05-01,Sell,丨LMN,,,,,
,2020-05-01,Buy,MTLS,,,,,
,2020-05-01,Buy,TER,,,,,
,2020-05-01,Sell,XLNX,,,,,
,2020-04-30,Buy,MTLS,,,,,
,2020-04-30,Buy,MTLS,,,,,
,2020-04-29,Buy,SI,,,,,
,2020-04-29,Buy,ARCT,,,,,
,2020-04-29,Buy,CRSP,,,,,
,2020-04-29,Buy,CRSP,,,,,
,2020-04-29,Sell,INO,,,,,
,2020-04-28,Buy,WDI GR,,,,,
,2020-04-28,Sell,BABA,,,,,
,2020-04-28,Buy,LC,,,,,
,2020-04-28,Sell,PDD,,,,,
,2020-04-28,Sell,NTLA,,,,,
,2020-04-28,Buy,KTOS,,,,,
,2020-04-27,Sell,ADSK,,,,,
,2020-04-27,Sell,AMZN,,,,,
,2020-04-27,Buy,BIDU,,,,,
,2020-04-27,Buy,CAT,,,,,
,2020-04-27,Buy,KTOS,,,,,
,2020-04-27,Buy,FB,,,,,
,2020-04-27,Sell,PINS,,,,,
,2020-04-27,Sell,SNAP,,,,,
,2020-04-27,Sell,TSLA,,,,,
,2020-04-27,Sell,CRSP,,,,,
,2020-04-27,Sell,CRSP,,,,,
,2020-04-27,Sell,LC,,,,,
,2020-04-27,Buy,ZS,,,,,
,2020-04-27,Buy,ZS,,,,,
,2020-04-27,Buy,ADPT,,,,,
,2020-04-27,Sell,ARCT,,,,,
,2020-04-27,Sell,ARCT,,,,,
,2020-04-27,Sell,INO,,,,,
,2020-04-27,Sell,NTLA,,,,,
,2020-04-27,Sell,NTLA,,,,,
,2020-04-27,Sell,NTLA,,,,,
,2020-04-27,Sell,AMZN,,,,,
,2020-04-27,Sell,DOCU,,,,,
,2020-04-27,Buy,FB,,,,,
,2020-04-27,Buy,旧KR,,,,,
,2020-04-27,Sell,INTU,,,,,
,2020-04-27,Sell,NVDA,,,,,
,2020-04-24,Sell,LC,,,,,
,2020-04-24,Sell,LC,,,,,
,2020-04-24,Sell,NTLA,,,,,
,2020-04-24,Sell,NTLA,,,,,
,2020-04-23,Sell,ADSK,,,,,
,2020-04-23,Sell,CGEN,,,,,
,2020-04-23,Sell,CGEN,,,,,
,2020-04-23,Sell,EDIT,,,,,
,2020-04-23,Sell,EDIT,,,,,
,2020-04-23,Sell,丨LMN,,,,,
,2020-04-23,Sell,丨LMN,,,,,
,2020-04-23,Sell,LC,,,,,
,2020-04-23,Sell,SQ,,,,,
,2020-04-23,Sell,SQ,,,,,
,2020-04-23,Buy,TER,,,,,
,2020-04-23,Buy,TER,,,,,
,2020-04-23,Sell,TSLA,,,,,
,2020-04-23,Buy,XLNX,,,,,
,2020-04-23,Buy,ZS,,,,,
,2020-04-23,Buy,ZS,,,,,
,2020-04-23,Sell,APTV,,,,,
,2020-04-23,Buy,TER,,,,,
,2020-04-23,Buy,XLNX,,,,,
,2020-04-23,Sell,PYPL,,,,,
,2020-04-23,Buy,XLNX,,,,,
,2020-04-22,Sell,CGEN,,,,,
,2020-04-22,Sell,CGEN,,,,,
,2020-04-22,Buy,IOVA,,,,,
,2020-04-22,Buy,IOVA,,,,,
,2020-04-22,Sell,CRSP,,,,,
,2020-04-22,Sell,EDIT,,,,,
,2020-04-22,Sell,丨LMN,,,,,
,2020-04-22,Sell,丨LMN,,,,,
,2020-04-22,Sell,ROKU,,,,,
,2020-04-22,Buy,TER,,,,,
,2020-04-22,Buy,TER,,,,,
,2020-04-22,Buy,TER,,,,,
,2020-04-22,Buy,ESLT,,,,,
,2020-04-22,Buy,TER,,,,,
,2020-04-22,Sell,TSLA,,,,,
,2020-04-21,Sell,AMZN,,,,,
,2020-04-21,Sell,NVDA,,,,,
,2020-04-21,Buy,ZS,,,,,
,2020-04-21,Sell,AVAV,,,,,
,2020-04-21,Sell,LC,,,,,
,2020-04-21,Sell,ROKU,,,,,
,2020-04-21,Sell,TSLA,,,,,
,2020-04-21,Buy,TWOU,,,,,
,2020-04-21,Buy,TWOU,,,,,
,2020-04-21,Buy,TWOU,,,,,
,2020-04-21,Buy,ZS,,,,,
,2020-04-21,Sell,AMZN,,,,,
,2020-04-21,Buy,TWOU,,,,,
,2020-04-21,Buy,TWOU,,,,,
,2020-04-21,Buy,CRWD,,,,,
,2020-04-21,Buy,OKTA,,,,,
,2020-04-21,Sell,TSLA,,,,,
,2020-04-21,Sell,TSLA,,,,,
,2020-04-21,Buy,TWOU,,,,,
,2020-04-20,Sell,丨NTU,,,,,
,2020-04-20,Buy,PINS,,,,,
,2020-04-20,Buy,TREE,,,,,
,2020-04-20,Buy,Z,,,,,
,2020-04-20,Sell,NSTG,,,,,
,2020-04-20,Sell,REGN,,,,,
,2020-04-20,Buy,TXG,,,,,
,2020-04-20,Sell,LC,,,,,
,2020-04-20,Sell,TSLA,,,,,
,2020-04-20,Sell,TSLA,,,,,
,2020-04-20,Buy,TWOU,,,,,
,2020-04-20,Buy,TWOU,,,,,
,2020-04-20,Buy,TWOU,,,,,
,2020-04-20,Buy,TWOU,,,,,
,2020-04-20,Buy,ZS,,,,,
,2020-04-20,Buy,ZS,,,,,
,2020-04-20,Buy,丨SRG,,,,,
,2020-04-20,Buy,JD,,,,,
,2020-04-20,Buy,TER,,,,,
,2020-04-20,Sell,TSLA,,,,,
,2020-04-20,Buy,TWOU,,,,,
,2020-04-20,Sell,AMZN,,,,,
,2020-04-20,Buy,CRWD,,,,,
,2020-04-20,Buy,OKTA,,,,,
,2020-04-20,Sell,TSLA,,,,,
,2020-04-20,Buy,TWOU,,,,,
,2020-04-17,Sell,AVAV,,,,,
,2020-04-17,Sell,LC,,,,,
,2020-04-17,Sell,LC,,,,,
,2020-04-17,Sell,NVDA,,,,,
,2020-04-17,Buy,PSTG,,,,,
,2020-04-17,Buy,PSTG,,,,,
,2020-04-17,Buy,PSTG,,,,,
,2020-04-16,Buy,ARCT,,,,,
,2020-04-16,Buy,CERS,,,,,
,2020-04-16,Sell,CGEN,,,,,
,2020-04-16,Sell,LC,,,,,
,2020-04-16,Sell,LC,,,,,
,2020-04-16,Buy,TREE,,,,,
,2020-04-15,Buy,CERS,,,,,
,2020-04-15,Sell,LC,,,,,
,2020-04-15,Sell,LC,,,,,
,2020-04-15,Buy,TREE,,,,,
,2020-04-14,Buy,LSPD CN,,,,,
,2020-04-13,Buy,LSPD CN,,,,,
,2020-04-13,Buy,LSPD CN,,,,,
,2020-04-13,Sell,SQ,,,,,
,2020-04-13,Sell,SQ,,,,,
,2020-04-13,Sell,AVAV,,,,,
,2020-04-13,Sell,AVAV,,,,,
,2020-04-13,Buy,CERS,,,,,
,2020-04-09,Sell,AVAV,,,,,
,2020-04-09,Buy,CERS,,,,,
,2020-04-08,Buy,CRWD,,,,,
,2020-04-08,Sell,ZS,,,,,
,2020-04-08,Sell,AVAV,,,,,
,2020-04-08,Sell,AVAV,,,,,
,2020-04-08,Buy,CERS,,,,,
,2020-04-07,Buy,CERS,,,,,
,2020-04-06,Sell,丨LMN,,,,,
,2020-04-06,Buy,TXG,,,,,
,2020-04-06,Sell,AVAV,,,,,
,2020-04-06,Sell,NSTG,,,,,
,2020-04-06,Buy,PD,,,,,
,2020-04-06,Buy,PD,,,,,
,2020-04-06,Buy,PSTG,,,,,
,2020-04-03,Sell,INO,,,,,
,2020-04-03,Sell,IONS,,,,,
,2020-04-03,Buy,PACB,,,,,
,2020-04-03,Buy,PACB,,,,,
,2020-04-03,Sell,AVAV,,,,,
,2020-04-03,Buy,CERS,,,,,
,2020-04-03,Sell,丨LMN,,,,,
,2020-04-03,Sell,NSTG,,,,,
,2020-04-03,Sell,NVDA,,,,,
,2020-04-03,Buy,PD,,,,,
,2020-04-03,Buy,PRLB,,,,,
,2020-04-03,Buy,PRLB,,,,,
,2020-04-03,Buy,PSTG,,,,,
,2020-04-03,Buy,SQ,,,,,
,2020-04-03,Buy,SQ,,,,,
,2020-04-03,Buy,TREE,,,,,
,2020-04-03,Sell,TWTR,,,,,
,2020-04-03,Buy,Z,,,,,
,2020-04-03,Buy,Z,,,,,
,2020-04-03,Buy,Z,,,,,
,2020-04-03,Sell,TCEHY,,,,,
,2020-04-03,Sell,TCEHY,,,,,
,2020-04-03,Buy,TWOU,,,,,
,2020-04-03,Sell,NVDA,,,,,
,2020-04-03,Buy,TREE,,,,,
,2020-04-03,Sell,TWTR,,,,,
,2020-04-02,Sell,INO,,,,,
,2020-04-02,Buy,NVTA,,,,,
,2020-04-02,Buy,ADSK,,,,,
,2020-04-02,Sell,AVAV,,,,,
,2020-04-02,Buy,CERS,,,,,
,2020-04-02,Buy,CERS,,,,,
,2020-04-02,Sell,NVDA,,,,,
,2020-04-02,Sell,NVDA,,,,,
,2020-04-02,Buy,NVTA,,,,,
,2020-04-02,Buy,PD,,,,,
,2020-04-02,Buy,PD,,,,,
,2020-04-02,Buy,SPLK,,,,,
,2020-04-02,Buy,SPLK,,,,,
,2020-04-02,Buy,SPLK,,,,,
,2020-04-02,Buy,TREE,,,,,
,2020-04-02,Buy,TREE,,,,,
,2020-04-02,Buy,TWOU,,,,,
,2020-04-02,Buy,TWOU,,,,,
,2020-04-02,Sell,TWTR,,,,,
,2020-04-02,Buy,ADSK,,,,,
,2020-04-02,Sell,NVDA,,,,,
,2020-04-02,Buy,SPLK,,,,,
,2020-04-02,Sell,NVDA,,,,,
,2020-04-02,Sell,NVDA,,,,,
,2020-04-02,Sell,NVDA,,,,,
,2020-04-02,Buy,PD,,,,,
,2020-04-02,Buy,PD,,,,,
,2020-04-02,Buy,PSTG,,,,,
,2020-04-02,Buy,PSTG,,,,,
,2020-04-02,Buy,SPLK,,,,,
,2020-04-02,Buy,TREE,,,,,
,2020-04-02,Buy,TWOU,,,,,
,2020-04-02,Sell,TWTR,,,,,
,2020-04-02,Sell,TWTR,,,,,
,2020-04-02,Sell,TWTR,,,,,
,2020-04-01,Sell,INO,,,,,
,2020-04-01,Buy,NVTA,,,,,
,2020-04-01,Buy,PACB,,,,,
,2020-04-01,Buy,PSTG,,,,,
,2020-04-01,Sell,TDOC,,,,,
,2020-04-01,Sell,AVAV,,,,,
,2020-04-01,Buy,PD,,,,,
,2020-04-01,Buy,PSTG,,,,,
,2020-04-01,Buy,TWOU,,,,,
,2020-04-01,Sell,TWTR,,,,,
,2020-04-01,Sell,TWTR,,,,,
,2020-04-01,Sell,AMZN,,,,,
,2020-04-01,Sell,JD,,,,,
,2020-04-01,Sell,NVDA,,,,,
,2020-04-01,Buy,PRLB,,,,,
,2020-04-01,Buy,TWOU,,,,,
,2020-03-31,Buy,CERS,,,,,
,2020-03-31,Sell,丨LMN,,,,,
,2020-03-31,Buy,TREE,,,,,
,2020-03-31,Buy,TREE,,,,,
,2020-03-31,Sell,NFLX,,,,,
,2020-03-31,Sell,TCEHY,,,,,
,2020-03-31,Buy,TREE,,,,,
,2020-03-30,Sell,NVDA,,,,,
,2020-03-30,Buy,PINS,,,,,
,2020-03-30,Buy,CERS,,,,,
,2020-03-30,Buy,PACB,,,,,
,2020-03-30,Sell,AVAV,,,,,
,2020-03-30,Buy,PD,,,,,
,2020-03-30,Buy,PD,,,,,
,2020-03-30,Buy,TREE,,,,,
,2020-03-30,Sell,ANSS,,,,,
,2020-03-30,Sell,CSOD,,,,,
,2020-03-30,Buy,FLIR,,,,,
,2020-03-30,Buy,PRLB,,,,,
,2020-03-30,Buy,AYX,,,,,
,2020-03-30,Buy,HUYA,,,,,
,2020-03-30,Buy,PD,,,,,
,2020-03-30,Buy,PD,,,,,
,2020-03-30,Sell,ZS,,,,,
,2020-03-27,Buy,CERS,,,,,
,2020-03-27,Sell,AVAV,,,,,
,2020-03-27,Buy,CERS,,,,,
,2020-03-27,Buy,CERS,,,,,
,2020-03-27,Buy,CERS,,,,,
,2020-03-27,Sell,NVDA,,,,,
,2020-03-27,Buy,PD,,,,,
,2020-03-27,Buy,PD,,,,,
,2020-03-27,Buy,PINS,,,,,
,2020-03-27,Buy,PINS,,,,,
,2020-03-27,Buy,PINS,,,,,
,2020-03-27,Buy,TREE,,,,,
,2020-03-27,Sell,TWTR,,,,,
,2020-03-27,Sell,NVDA,,,,,
,2020-03-27,Buy,PD,,,,,
,2020-03-27,Buy,PD,,,,,
,2020-03-27,Buy,PINS,,,,,
,2020-03-27,Sell,TWTR,,,,,
,2020-03-25,Sell,CSOD,,,,,
,2020-03-25,Buy,FLIR,,,,,
,2020-03-25,Buy,CGEN,,,,,
,2020-03-25,Sell,PGEN,,,,,
,2020-03-25,Buy,TWST,,,,,
,2020-03-24,Sell,CSOD,,,,,
,2020-03-24,Buy,TWOU,,,,,
,2020-03-24,Buy,CGEN,,,,,
,2020-03-24,Buy,NVTA,,,,,
,2020-03-24,Sell,PGEN,,,,,
,2020-03-24,Buy,TWST,,,,,
,2020-03-23,Sell,AMZN,,,,,
,2020-03-23,Sell,DOCU,,,,,
,2020-03-23,Buy,HDB,,,,,
,2020-03-23,Sell,MELI,,,,,
,2020-03-23,Sell,NVDA,,,,,
,2020-03-23,Buy,SQ,,,,,
,2020-03-23,Buy,SQ,,,,,
,2020-03-23,Buy,CGEN,,,,,
,2020-03-23,Sell,PGEN,,,,,
,2020-03-23,Buy,PSNL,,,,,
,2020-03-23,Sell,TDOC,,,,,
,2020-03-23,Buy,TWST,,,,,
,2020-03-23,Buy,VCYT,,,,,
,2020-03-23,Sell,CRSP,,,,,
,2020-03-23,Sell,EDIT,,,,,
,2020-03-23,Sell,MELI,,,,,
,2020-03-23,Sell,NVDA,,,,,
,2020-03-23,Sell,NVDA,,,,,
,2020-03-23,Buy,PD,,,,,
,2020-03-23,Buy,PD,,,,,
,2020-03-23,Buy,PRLB,,,,,
,2020-03-23,Buy,SQ,,,,,
,2020-03-23,Buy,TREE,,,,,
,2020-03-23,Buy,AAPL,,,,,
,2020-03-23,Buy,IRDM,,,,,
,2020-03-23,Buy,ISRG,,,,,
,2020-03-23,Sell,JD,,,,,
,2020-03-23,Sell,NVDA,,,,,
,2020-03-23,Buy,AAPL,,,,,
,2020-03-23,Sell,PDD,,,,,
,2020-03-23,Sell,TCEHY,,,,,
,2020-03-20,Buy,PSNL,,,,,
,2020-03-20,Buy,CERS,,,,,
,2020-03-20,Sell,MELI,,,,,
,2020-03-20,Buy,PRLB,,,,,
,2020-03-20,Buy,TREE,,,,,
,2020-03-20,Buy,PRLB,,,,,
,2020-03-20,Sell,TSM,,,,,
,2020-03-19,Buy,PACB,,,,,
,2020-03-19,Buy,PACB,,,,,
,2020-03-19,Buy,PSNL,,,,,
,2020-03-19,Sell,TDOC,,,,,
,2020-03-19,Buy,VCYT,,,,,
,2020-03-19,Sell,AVAV,,,,,
,2020-03-19,Buy,SQ,,,,,
,2020-03-19,Sell,APTV,,,,,
,2020-03-19,Buy,FLIR,,,,,
,2020-03-19,Buy,FLIR,,,,,
,2020-03-19,Buy,FLIR,,,,,
,2020-03-19,Buy,KMTUY,,,,,
,2020-03-19,Sell,MELI,,,,,
,2020-03-19,Buy,SQ,,,,,
,2020-03-19,Buy,TREE,,,,,
,2020-03-18,Buy,CERS,,,,,
,2020-03-18,Buy,NSTG,,,,,
,2020-03-18,Buy,PACB,,,,,
,2020-03-18,Buy,PSNL,,,,,
,2020-03-18,Buy,PSTG,,,,,
,2020-03-18,Sell,TDOC,,,,,
,2020-03-18,Sell,TDOC,,,,,
,2020-03-18,Buy,VCYT,,,,,
,2020-03-18,Sell,AVAV,,,,,
,2020-03-18,Buy,CERS,,,,,
,2020-03-18,Sell,EB,,,,,
,2020-03-18,Sell,IOVA,,,,,
,2020-03-18,Sell,MELI,,,,,
,2020-03-18,Sell,NFLX,,,,,
,2020-03-18,Buy,NVTA,,,,,
,2020-03-18,Sell,PYPL,,,,,
,2020-03-18,Sell,SE,,,,,
,2020-03-18,Sell,SNAP,,,,,
,2020-03-18,Buy,SQ,,,,,
,2020-03-18,Sell,TCEHY,,,,,
,2020-03-18,Sell,TDOC,,,,,
,2020-03-18,Buy,TSLA,,,,,
,2020-03-18,Sell,XLNX,,,,,
,2020-03-18,Buy,Z,,,,,
,2020-03-18,Buy,Z,,,,,
,2020-03-18,Sell,JD,,,,,
,2020-03-18,Buy,TSLA,,,,,
,2020-03-18,Buy,TWOU,,,,,
,2020-03-18,Sell,BABA,,,,,
,2020-03-18,Sell,NFLX,,,,,
,2020-03-18,Buy,SQ,,,,,
,2020-03-18,Sell,TDOC,,,,,
,2020-03-18,Buy,TSLA,,,,,
,2020-03-18,Buy,TWOU,,,,,
,2020-03-18,Buy,Z,,,,,
,2020-03-18,Buy,Z,,,,,
,2020-03-17,Buy,CERS,,,,,
,2020-03-17,Buy,CGEN,,,,,
,2020-03-17,Sell,INO,,,,,
,2020-03-17,Sell,INO,,,,,
,2020-03-17,Buy,NVTA,,,,,
,2020-03-17,Buy,PSTG,,,,,
,2020-03-17,Sell,RUBY,,,,,
,2020-03-17,Sell,TDOC,,,,,
,2020-03-17,Sell,AVAV,,,,,
,2020-03-17,Sell,MELI,,,,,
,2020-03-17,Buy,NVTA,,,,,
,2020-03-17,Buy,NVTA,,,,,
,2020-03-17,Buy,PD,,,,,
,2020-03-17,Buy,PSTG,,,,,
,2020-03-17,Buy,ROKU,,,,,
,2020-03-17,Buy,ROKU,,,,,
,2020-03-17,Sell,SE,,,,,
,2020-03-17,Sell,SE,,,,,
,2020-03-17,Sell,SNAP,,,,,
,2020-03-17,Sell,SNAP,,,,,
,2020-03-17,Buy,SQ,,,,,
,2020-03-17,Buy,TSLA,,,,,
,2020-03-17,Buy,TSLA,,,,,
,2020-03-17,Buy,TWOU,,,,,
,2020-03-17,Buy,TWOU,,,,,
,2020-03-17,Sell,TWTR,,,,,
,2020-03-17,Sell,TWTR,,,,,
,2020-03-17,Buy,Z,,,,,
,2020-03-17,Sell,JD,,,,,
,2020-03-17,Buy,MTLS,,,,,
,2020-03-17,Sell,TCEHY,,,,,
,2020-03-17,Buy,TSLA,,,,,
,2020-03-17,Buy,TSLA,,,,,
,2020-03-17,Sell,BABA,,,,,
,2020-03-17,Sell,CRM,,,,,
,2020-03-17,Sell,NFLX,,,,,
,2020-03-17,Buy,TSLA,,,,,
,2020-03-17,Buy,TSLA,,,,,
,2020-03-17,Buy,Z,,,,,
,2020-03-16,Sell,BABA,,,,,
,2020-03-16,Sell,CRM,,,,,
,2020-03-16,Sell,EB,,,,,
,2020-03-16,Buy,ICE,,,,,
,2020-03-16,Buy,MELI,,,,,
,2020-03-16,Buy,PINS,,,,,
,2020-03-16,Sell,PYPL,,,,,
,2020-03-16,Buy,SI,,,,,
,2020-03-16,Buy,SNAP,,,,,
,2020-03-16,Buy,SQ,,,,,
,2020-03-16,Sell,TCEHY,,,,,
,2020-03-16,Buy,Z,,,,,
,2020-03-16,Buy,CGEN,,,,,
,2020-03-16,Buy,NVTA,,,,,
,2020-03-16,Sell,RUBY,,,,,
,2020-03-16,Sell,TDOC,,,,,
,2020-03-16,Sell,AVAV,,,,,
,2020-03-16,Sell,CRM,,,,,
,2020-03-16,Buy,NVTA,,,,,
,2020-03-16,Buy,SQ,,,,,
,2020-03-16,Buy,TSLA,,,,,
,2020-03-16,Buy,TWOU,,,,,
,2020-03-16,Sell,TWTR,,,,,
,2020-03-16,Buy,Z,,,,,
,2020-03-16,Sell,JD,,,,,
,2020-03-16,Sell,SNPS,,,,,
,2020-03-16,Buy,TSLA,,,,,
,2020-03-16,Buy,TWOU,,,,,
,2020-03-16,Buy,AMZN,,,,,
,2020-03-16,Buy,AMZN,,,,,
,2020-03-16,Sell,PYPL,,,,,
,2020-03-16,Sell,PYPL,,,,,
,2020-03-16,Buy,PYPL,,,,,
,2020-03-16,Sell,PYPL,,,,,
,2020-03-16,Sell,SPOT,,,,,
,2020-03-16,Buy,SQ,,,,,
,2020-03-16,Sell,TDOC,,,,,
,2020-03-16,Buy,TSLA,,,,,
,2020-03-16,Buy,TWOU,,,,,
,2020-03-16,Buy,Z,,,,,
,2020-03-13,Buy,GBTC,,,,,
,2020-03-13,Sell,NFLX,,,,,
,2020-03-13,Buy,PD,,,,,
,2020-03-13,Sell,TDOC,,,,,
,2020-03-13,Buy,TSLA,,,,,
,2020-03-13,Buy,TWOU,,,,,
,2020-03-13,Sell,NSTG,,,,,
,2020-03-13,Buy,NVTA,,,,,
,2020-03-12,Sell,BIDU,,,,,
,2020-03-12,Buy,IRDM,,,,,
,2020-03-12,Buy,SPLK,,,,,
,2020-03-12,Sell,TCEHY,,,,,
,2020-03-12,Sell,CRM,,,,,
,2020-03-12,Sell,EB,,,,,
,2020-03-12,Buy,GBTC,,,,,
,2020-03-12,Buy,PSTG,,,,,
,2020-03-12,Buy,ROKU,,,,,
,2020-03-12,Buy,SPLK,,,,,
,2020-03-12,Sell,SPOT,,,,,
,2020-03-12,Buy,SQ,,,,,
,2020-03-12,Buy,SQ,,,,,
,2020-03-12,Buy,SQ,,,,,
,2020-03-12,Buy,Z,,,,,
,2020-03-12,Buy,Z,,,,,
,2020-03-12,Buy,CGEN,,,,,
,2020-03-12,Sell,CRM,,,,,
,2020-03-12,Sell,CRM,,,,,
,2020-03-12,Buy,IRDM,,,,,
,2020-03-12,Buy,IRDM,,,,,
,2020-03-12,Buy,NVTA,,,,,
,2020-03-12,Buy,NVTA,,,,,
,2020-03-12,Buy,PRLB,,,,,
,2020-03-12,Buy,PRLB,,,,,
,2020-03-12,Buy,PSTG,,,,,
,2020-03-12,Buy,PSTG,,,,,
,2020-03-12,Buy,PSTG,,,,,
,2020-03-12,Buy,ROKU,,,,,
,2020-03-12,Buy,SPLK,,,,,
,2020-03-12,Buy,SQ,,,,,
,2020-03-12,Buy,SQ,,,,,
,2020-03-12,Buy,SQ,,,,,
,2020-03-12,Sell,TCEHY,,,,,
,2020-03-12,Sell,TDOC,,,,,
,2020-03-12,Sell,TDOC,,,,,
,2020-03-12,Sell,TWOU,,,,,
,2020-03-12,Buy,Z,,,,,
,2020-03-12,Buy,ARCT,,,,,
,2020-03-12,Buy,CGEN,,,,,
,2020-03-12,Buy,CLLS,,,,,
,2020-03-12,Buy,CLLS,,,,,
,2020-03-12,Sell,INO,,,,,
,2020-03-12,Sell,INO,,,,,
,2020-03-12,Sell,INO,,,,,
,2020-03-12,Buy,NVTA,,,,,
,2020-03-12,Buy,NVTA,,,,,
,2020-03-12,Sell,RUBY,,,,,
,2020-03-11,Buy,ADSK,,,,,
,2020-03-11,Sell,JD,,,,,
,2020-03-11,Buy,SPLK,,,,,
,2020-03-11,Buy,TRMB,,,,,
,2020-03-11,Sell,TWOU,,,,,
,2020-03-11,Sell,NFLX,,,,,
,2020-03-11,Buy,PD,,,,,
,2020-03-11,Buy,PDD,,,,,
,2020-03-11,Buy,PINS,,,,,
,2020-03-11,Buy,SPLK,,,,,
,2020-03-11,Buy,SQ,,,,,
,2020-03-11,Sell,TCEHY,,,,,
,2020-03-11,Sell,TDOC,,,,,
,2020-03-11,Buy,TREE,,,,,
,2020-03-11,Buy,Z,,,,,
,2020-03-11,Buy,Z,,,,,
,2020-03-11,Buy,ADSK,,,,,
,2020-03-11,Buy,ADSK,,,,,
,2020-03-11,Buy,IRDM,,,,,
,2020-03-11,Sell,NFLX,,,,,
,2020-03-11,Buy,PINS,,,,,
,2020-03-11,Buy,PINS,,,,,
,2020-03-11,Buy,PRLB,,,,,
,2020-03-11,Buy,PSTG,,,,,
,2020-03-11,Buy,PSTG,,,,,
,2020-03-11,Buy,SPLK,,,,,
,2020-03-11,Buy,SPLK,,,,,
,2020-03-11,Buy,SQ,,,,,
,2020-03-11,Buy,SQ,,,,,
,2020-03-11,Sell,TCEHY,,,,,
,2020-03-11,Sell,TCEHY,,,,,
,2020-03-11,Sell,TCEHY,,,,,
,2020-03-11,Sell,TCEHY,,,,,
,2020-03-11,Buy,TREE,,,,,
,2020-03-11,Buy,TREE,,,,,
,2020-03-11,Buy,Z,,,,,
,2020-03-11,Buy,Z,,,,,
,2020-03-11,Buy,Z,,,,,
,2020-03-11,Buy,ARCT,,,,,
,2020-03-11,Buy,CERS,,,,,
,2020-03-11,Buy,CLLS,,,,,
,2020-03-11,Buy,PACB,,,,,
,2020-03-11,Buy,PSTG,,,,,
,2020-03-11,Buy,PSTG,,,,,
,2020-03-11,Sell,TDOC,,,,,
,2020-03-10,Buy,ARCT,,,,,
,2020-03-10,Sell,CGEN,,,,,
,2020-03-10,Buy,NVTA,,,,,
,2020-03-10,Sell,TDOC,,,,,
,2020-03-10,Sell,CGEN,,,,,
,2020-03-10,Buy,NVTA,,,,,
,2020-03-10,Buy,PD,,,,,
,2020-03-10,Buy,PRLB,,,,,
,2020-03-10,Buy,SE,,,,,
,2020-03-10,Buy,SQ,,,,,
,2020-03-10,Sell,TCEHY,,,,,
,2020-03-10,Sell,TTD,,,,,
,2020-03-10,Sell,TWTR,,,,,
,2020-03-10,Sell,TWTR,,,,,
,2020-03-10,Buy,Z,,,,,
,2020-03-10,Buy,Z,,,,,
,2020-03-10,Sell,EB,,,,,
,2020-03-10,Buy,SQ,,,,,
,2020-03-10,Sell,TDOC,,,,,
,2020-03-10,Buy,Z,,,,,
,2020-03-09,Sell,BIDU,,,,,
,2020-03-09,Buy,MELI,,,,,
,2020-03-09,Sell,SHOP,,,,,
,2020-03-09,Buy,SPLK,,,,,
,2020-03-09,Buy,SQ,,,,,
,2020-03-09,Buy,TREE,,,,,
,2020-03-09,Buy,Z,,,,,
,2020-03-09,Buy,CDNA,,,,,
,2020-03-09,Sell,CGEN,,,,,
,2020-03-09,Buy,CRSP,,,,,
,2020-03-09,Buy,CRSP,,,,,
,2020-03-09,Buy,ILMN,,,,,
,2020-03-09,Sell,INO,,,,,
,2020-03-09,Sell,IONS,,,,,
,2020-03-09,Buy,NVTA,,,,,
,2020-03-09,Buy,NVTA,,,,,
,2020-03-09,Buy,PACB,,,,,
,2020-03-09,Buy,PACB,,,,,
,2020-03-09,Sell,TDOC,,,,,
,2020-03-09,Buy,TWST,,,,,
,2020-03-09,Buy,ADSK,,,,,
,2020-03-09,Buy,PD,,,,,
,2020-03-09,Buy,SQ,,,,,
,2020-03-09,Buy,TER,,,,,
,2020-03-09,Sell,TTD,,,,,
,2020-03-09,Sell,TTD,,,,,
,2020-03-09,Sell,TWTR,,,,,
,2020-03-09,Sell,TWTR,,,,,
,2020-03-09,Buy,Z,,,,,
,2020-03-09,Buy,Z,,,,,
,2020-03-09,Buy,ADSK,,,,,
,2020-03-09,Sell,BIDU,,,,,
,2020-03-09,Buy,丨RDM,,,,,
,2020-03-09,Buy,IRDM,,,,,
,2020-03-09,Buy,PRLB,,,,,
,2020-03-09,Sell,RKUNY,,,,,
,2020-03-09,Sell,ROK,,,,,
,2020-03-09,Buy,TER,,,,,
,2020-03-09,Buy,TRMB,,,,,
,2020-03-09,Buy,XLNX,,,,,
,2020-03-09,Sell,EB,,,,,
,2020-03-09,Buy,GBTC,,,,,
,2020-03-09,Buy,MELI,,,,,
,2020-03-09,Buy,ROKU,,,,,
,2020-03-09,Buy,SPLK,,,,,
,2020-03-09,Buy,SQ,,,,,
,2020-03-09,Buy,TREE,,,,,
,2020-03-09,Sell,TWTR,,,,,
,2020-03-09,Sell,TWTR,,,,,
,2020-03-09,Buy,XLNX,,,,,
,2020-03-09,Buy,Z,,,,,
,2020-03-06,Sell,GWRE,,,,,
,2020-03-06,Buy,DSY SJ,,,,,
,2020-03-06,Buy,CDXS,,,,,
,2020-03-06,Sell,CGEN,,,,,
,2020-03-06,Buy,CLLS,,,,,
,2020-03-06,Buy,CLLS,,,,,
,2020-03-06,Buy,CRSP,,,,,
,2020-03-06,Buy,FATE,,,,,
,2020-03-06,Buy,FATE,,,,,
,2020-03-06,Buy,GH,,,,,
,2020-03-06,Buy,GH,,,,,
,2020-03-06,Buy,ILMN,,,,,
,2020-03-06,Sell,INO,,,,,
,2020-03-06,Sell,INO,,,,,
,2020-03-06,Sell,INO,,,,,
,2020-03-06,Sell,INO,,,,,
,2020-03-06,Sell,INO,,,,,
,2020-03-06,Buy,NVTA,,,,,
,2020-03-06,Buy,NVTA,,,,,
,2020-03-06,Buy,PACB,,,,,
,2020-03-06,Buy,PSNL,,,,,
,2020-03-06,Buy,PSNL,,,,,
,2020-03-06,Buy,PSTG,,,,,
,2020-03-06,Buy,ADSK,,,,,
,2020-03-06,Buy,ADSK,,,,,
,2020-03-06,Buy,ADSK,,,,,
,2020-03-06,Buy,ADSK,,,,,
,2020-03-06,Buy,ADSK,,,,,
,2020-03-06,Sell,EB,,,,,
,2020-03-06,Sell,EB,,,,,
,2020-03-06,Sell,EB,,,,,
,2020-03-06,Buy,MTLS,,,,,
,2020-03-06,Sell,NFLX,,,,,
,2020-03-06,Buy,PD,,,,,
,2020-03-06,Buy,PINS,,,,,
,2020-03-06,Buy,ROKU,,,,,
,2020-03-06,Buy,ROKU,,,,,
,2020-03-06,Buy,SNAP,,,,,
,2020-03-06,Buy,SPLK,,,,,
,2020-03-06,Buy,SQ,,,,,
,2020-03-06,Sell,TCEHY,,,,,
,2020-03-06,Sell,TDOC,,,,,
,2020-03-06,Sell,TWOU,,,,,
,2020-03-06,Sell,TWOU,,,,,
,2020-03-06,Buy,TWTR,,,,,
,2020-03-06,Buy,Z,,,,,
,2020-03-06,Buy,Z,,,,,
,2020-03-06,Buy,ADSK,,,,,
,2020-03-06,Buy,ADSK,,,,,
,2020-03-06,Sell,BIDU,,,,,
,2020-03-06,Buy,SPLK,,,,,
,2020-03-06,Buy,PINS,,,,,
,2020-03-06,Buy,ROKU,,,,,
,2020-03-06,Buy,ROKU,,,,,
,2020-03-06,Sell,SHOP,,,,,
,2020-03-06,Buy,SNAP,,,,,
,2020-03-06,Buy,SPLK,,,,,
,2020-03-06,Buy,SQ,,,,,
,2020-03-06,Buy,TWTR,,,,,
,2020-03-05,Sell,ARCT,,,,,
,2020-03-05,Buy,CDXS,,,,,
,2020-03-05,Sell,CGEN,,,,,
,2020-03-05,Buy,CLLS,,,,,
,2020-03-05,Buy,CLLS,,,,,
,2020-03-05,Sell,INO,,,,,
,2020-03-05,Buy,PSNL,,,,,
,2020-03-05,Buy,PSTG,,,,,
,2020-03-05,Buy,PSTG,,,,,
,2020-03-05,Buy,PD,,,,,
,2020-03-05,Buy,ROKU,,,,,
,2020-03-05,Buy,SPLK,,,,,
,2020-03-05,Buy,SPLK,,,,,
,2020-03-05,Sell,TCEHY,,,,,
,2020-03-05,Sell,TCEHY,,,,,
,2020-03-04,Sell,8473 JP,,,,,
,2020-03-04,Buy,TREE,,,,,
,2020-03-04,Sell,ARCT,,,,,
,2020-03-04,Buy,FATE,,,,,
,2020-03-04,Buy,FATE,,,,,
,2020-03-04,Sell,INO,,,,,
,2020-03-04,Sell,EB,,,,,
,2020-03-03,Buy,4689 JP,,,,,
,2020-03-03,Buy,CDNA,,,,,
,2020-03-03,Buy,MCRB,,,,,
,2020-03-03,Sell,NSTG,,,,,
,2020-03-03,Buy,ADSK,,,,,
,2020-03-03,Buy,ADSK,,,,,
,2020-03-03,Buy,AVAV,,,,,
,2020-03-03,Sell,CGEN,,,,,
,2020-03-03,Sell,EB,,,,,
,2020-03-03,Sell,EB,,,,,
,2020-03-03,Sell,IOVA,,,,,
,2020-03-03,Sell,IOVA,,,,,
,2020-03-03,Sell,NSTG,,,,,
,2020-03-03,Sell,NSTG,,,,,
,2020-03-03,Buy,PRLB,,,,,
,2020-03-03,Buy,PSTG,,,,,
,2020-03-03,Buy,ADSK,,,,,
,2020-03-03,Buy,ADSK,,,,,
,2020-03-03,Sell,TCEHY,,,,,
,2020-03-03,Sell,BABA,,,,,
,2020-03-03,Buy,LC,,,,,
,2020-03-03,Sell,NFLX,,,,,
,2020-03-03,Buy,PD,,,,,
,2020-03-03,Buy,PD,,,,,
,2020-03-03,Buy,PINS,,,,,
,2020-03-03,Buy,PSTG,,,,,
,2020-03-03,Buy,PSTG,,,,,
,2020-03-03,Sell,SHOP,,,,,
,2020-03-03,Sell,TCEHY,,,,,
,2020-03-03,Buy,Z,,,,,
,2020-03-02,Buy,AMZN,,,,,
,2020-03-02,Sell,PDD,,,,,
,2020-03-02,Buy,PINS,,,,,
,2020-03-02,Sell,SHOP,,,,,
,2020-03-02,Sell,SHOP,,,,,
,2020-03-02,Sell,SHOP,,,,,
,2020-03-02,Buy,Z,,,,,
,2020-03-02,Buy,MCRB,,,,,
,2020-03-02,Buy,PSNL,,,,,
,2020-03-02,Sell,TDOC,,,,,
,2020-03-02,Buy,AVAV,,,,,
,2020-03-02,Sell,CGEN,,,,,
,2020-03-02,Sell,CGEN,,,,,
,2020-03-02,Sell,IOVA,,,,,
,2020-03-02,Sell,IOVA,,,,,
,2020-03-02,Sell,NFLX,,,,,
,2020-03-02,Sell,NSTG,,,,,
,2020-03-02,Buy,PD,,,,,
,2020-03-02,Buy,PD,,,,,
,2020-03-02,Buy,PINS,,,,,
,2020-03-02,Buy,PRLB,,,,,
,2020-03-02,Buy,PSTG,,,,,
,2020-03-02,Sell,TCEHY,,,,,
,2020-03-02,Sell,TCEHY,,,,,
,2020-03-02,Sell,TTD,,,,,
,2020-03-02,Sell,TWTR,,,,,
,2020-03-02,Sell,TWTR,,,,,
,2020-03-02,Buy,Z,,,,,
,2020-03-02,Sell,NVDA,,,,,
,2020-03-02,Buy,SPLK,,,,,
,2020-03-02,Buy,TWOU,,,,,
,2020-03-02,Buy,AMZN,,,,,
,2020-03-02,Sell,BIDU,,,,,
,2020-03-02,Sell,HUBS,,,,,
,2020-03-02,Sell,HUBS,,,,,
,2020-03-02,Buy,LC,,,,,
,2020-03-02,Sell,NVDA,,,,,
,2020-03-02,Buy,SNAP,,,,,
,2020-03-02,Sell,TDOC,,,,,
,2020-03-02,Sell,TDOC,,,,,
,2020-03-02,Sell,TTD,,,,,
,2020-03-02,Buy,TWOU,,,,,
,2020-03-02,Buy,TWOU,,,,,
,2020-03-02,Sell,TWTR,,,,,
,2020-03-02,Sell,TWTR,,,,,
,2020-03-02,Buy,WDAY,,,,,
,2020-03-02,Buy,WDAY,,,,,
,2020-03-02,Buy,XLNX,,,,,
,2020-03-02,Buy,XLNX,,,,,
,2020-03-02,Buy,Z,,,,,
,2020-02-28,Sell,TCEHY,,,,,
,2020-02-28,Buy,XLNX,,,,,
,2020-02-28,Buy,AMD,,,,,
,2020-02-28,Sell,AMD,,,,,
,2020-02-28,Buy,PSTG,,,,,
,2020-02-28,Sell,SQ,,,,,
,2020-02-28,Sell,SQ,,,,,
,2020-02-28,Buy,TREE,,,,,
,2020-02-28,Buy,TSLA,,,,,
,2020-02-28,Buy,TSLA,,,,,
,2020-02-28,Buy,WDAY,,,,,
,2020-02-28,Buy,XLNX,,,,,
,2020-02-28,Sell,CRM,,,,,
,2020-02-28,Sell,CRM,,,,,
,2020-02-28,Buy,EDIT,,,,,
,2020-02-28,Sell,IOVA,,,,,
,2020-02-28,Sell,IOVA,,,,,
,2020-02-28,Sell,NFLX,,,,,
,2020-02-28,Sell,NFLX,,,,,
,2020-02-28,Buy,PD,,,,,
,2020-02-28,Buy,PRLB,,,,,
,2020-02-28,Buy,PRLB,,,,,
,2020-02-28,Buy,TSLA,,,,,
,2020-02-28,Buy,TSLA,,,,,
,2020-02-28,Sell,TTD,,,,,
,2020-02-28,Sell,TTD,,,,,
,2020-02-28,Sell,TTD,,,,,
,2020-02-28,Buy,TWOU,,,,,
,2020-02-28,Buy,TWOU,,,,,
,2020-02-28,Buy,XLNX,,,,,
,2020-02-28,Buy,CDNA,,,,,
,2020-02-28,Buy,CDXS,,,,,
,2020-02-28,Sell,CSTL,,,,,
,2020-02-28,Sell,CSTL,,,,,
,2020-02-28,Sell,CSTL,,,,,
,2020-02-28,Sell,CSTL,,,,,
,2020-02-28,Buy,PACB,,,,,
,2020-02-28,Buy,PSNL,,,,,
,2020-02-28,Sell,TDOC,,,,,
,2020-02-28,Sell,TDOC,,,,,
,2020-02-28,Buy,AMZN,,,,,
,2020-02-28,Buy,SE,,,,,
,2020-02-28,Sell,SQ,,,,,
,2020-02-28,Sell,TCEHY,,,,,
,2020-02-27,Sell,CBMG,,,,,
,2020-02-27,Buy,CDXS,,,,,
,2020-02-27,Sell,CGEN,,,,,
,2020-02-27,Buy,CRSP,,,,,
,2020-02-27,Sell,FATE,,,,,
,2020-02-27,Buy,GH,,,,,
,2020-02-27,Buy,ILMN,,,,,
,2020-02-27,Sell,INO,,,,,
,2020-02-27,Sell,IOVA,,,,,
,2020-02-27,Sell,NSTG,,,,,
,2020-02-27,Buy,NVTA,,,,,
,2020-02-27,Buy,PACB,,,,,
,2020-02-27,Buy,PACB,,,,,
,2020-02-27,Buy,PSNL,,,,,
,2020-02-27,Buy,PSTG,,,,,
,2020-02-27,Buy,PSTG,,,,,
,2020-02-27,Sell,TDOC,,,,,
,2020-02-27,Buy,TWST,,,,,
,2020-02-27,Buy,CRSP,,,,,
,2020-02-27,Sell,EB,,,,,
,2020-02-27,Buy,EDIT,,,,,
,2020-02-27,Buy,ILMN,,,,,
,2020-02-27,Sell,IOVA,,,,,
,2020-02-27,Buy,NVTA,,,,,
,2020-02-27,Buy,PD,,,,,
,2020-02-27,Buy,PINS,,,,,
,2020-02-27,Buy,PRLB,,,,,
,2020-02-27,Buy,PSTG,,,,,
,2020-02-27,Buy,ROKU,,,,,
,2020-02-27,Sell,SQ,,,,,
,2020-02-27,Sell,SQ,,,,,
,2020-02-27,Sell,SQ,,,,,
,2020-02-27,Sell,TCEHY,,,,,
,2020-02-27,Sell,TDOC,,,,,
,2020-02-27,Sell,TDOC,,,,,
,2020-02-27,Buy,TREE,,,,,
,2020-02-27,Buy,TSLA,,,,,
,2020-02-27,Buy,TSLA,,,,,
,2020-02-27,Buy,TSLA,,,,,
,2020-02-27,Buy,TWOU,,,,,
,2020-02-27,Buy,XLNX,,,,,
,2020-02-27,Sell,AAPL,,,,,
,2020-02-27,Sell,AAPL,,,,,
,2020-02-27,Sell,BIDU,,,,,
,2020-02-27,Buy,CAT,,,,,
,2020-02-27,Buy,CSOD,,,,,
,2020-02-27,Buy,FLIR,,,,,
,2020-02-27,Buy,FLIR,,,,,
,2020-02-27,Sell,GOOG,,,,,
,2020-02-27,Sell,GOOG,,,,,
,2020-02-27,Buy,IRDM,,,,,
,2020-02-27,Buy,KMTUY,,,,,
,2020-02-27,Buy,KTOS,,,,,
,2020-02-27,Buy,MTLS,,,,,
,2020-02-27,Buy,PRLB,,,,,
,2020-02-27,Buy,TWOU,,,,,
,2020-02-27,Buy,XLNX,,,,,
,2020-02-27,Sell,BABA,,,,,
,2020-02-27,Sell,BIDU,,,,,
,2020-02-27,Sell,BIDU,,,,,
,2020-02-27,Buy,GBTC,,,,,
,2020-02-27,Buy,HUYA,,,,,
,2020-02-27,Sell,NFLX,,,,,
,2020-02-27,Sell,PDD,,,,,
,2020-02-27,Buy,PINS,,,,,
,2020-02-27,Buy,ROKU,,,,,
,2020-02-27,Buy,SNAP,,,,,
,2020-02-27,Buy,TSLA,,,,,
,2020-02-27,Buy,TSLA,,,,,
,2020-02-27,Buy,VCYT,,,,,
,2020-02-27,Buy,VCYT,,,,,
,2020-02-27,Buy,XLNX,,,,,
,2020-02-26,Sell,NVDA,,,,,
,2020-02-26,Buy,ROKU,,,,,
,2020-02-26,Buy,AVAV,,,,,
,2020-02-26,Buy,AVAV,,,,,
,2020-02-26,Sell,CRM,,,,,
,2020-02-26,Sell,EB,,,,,
,2020-02-26,Sell,EB,,,,,
,2020-02-26,Sell,EB,,,,,
,2020-02-26,Buy,丨RDM,,,,,
,2020-02-26,Buy,IRDM,,,,,
,2020-02-26,Sell,MELI,,,,,
,2020-02-26,Sell,NVDA,,,,,
,2020-02-26,Buy,ROKU,,,,,
,2020-02-26,Sell,Z,,,,,
,2020-02-26,Sell,Z,,,,,
,2020-02-26,Sell,CBMG,,,,,
,2020-02-26,Buy,PACB,,,,,
,2020-02-25,Sell,CLDR,,,,,
,2020-02-25,Sell,CRM,,,,,
,2020-02-25,Sell,MELI,,,,,
,2020-02-25,Buy,PD,,,,,
,2020-02-25,Buy,PD,,,,,
,2020-02-25,Buy,PD,,,,,
,2020-02-25,Sell,SPLK,,,,,
,2020-02-25,Sell,TDOC,,,,,
,2020-02-25,Buy,TREE,,,,,
,2020-02-25,Buy,TREE,,,,,
,2020-02-25,Sell,VCYT,,,,,
,2020-02-25,Sell,VCYT,,,,,
,2020-02-25,Sell,Z,,,,,
,2020-02-25,Sell,Z,,,,,
,2020-02-25,Buy,CSOD,,,,,
,2020-02-25,Sell,GM,,,,,
,2020-02-25,Buy,KMTUY US,,,,,
,2020-02-25,Buy,KTOS,,,,,
,2020-02-25,Sell,SPLK,,,,,
,2020-02-25,Buy,AVAV,,,,,
,2020-02-25,Buy,AVAV,,,,,
,2020-02-25,Sell,CRM,,,,,
,2020-02-25,Buy,CRSP,,,,,
,2020-02-25,Buy,LC,,,,,
,2020-02-25,Sell,MELI,,,,,
,2020-02-25,Sell,NSTG,,,,,
,2020-02-25,Buy,NVTA,,,,,
,2020-02-25,Buy,NVTA,,,,,
,2020-02-25,Sell,SPLK,,,,,
,2020-02-25,Sell,SPLK,,,,,
,2020-02-25,Buy,TREE,,,,,
,2020-02-25,Buy,TREE,,,,,
,2020-02-25,Buy,GH,,,,,
,2020-02-25,Buy,GH,,,,,
,2020-02-25,Buy,GH,,,,,
,2020-02-25,Sell,IONS,,,,,
,2020-02-25,Buy,PACB,,,,,
,2020-02-25,Sell,GWRE,,,,,
,2020-02-25,Sell,GWRE,,,,,
,2020-02-25,Buy,TREE,,,,,
,2020-02-25,Buy,TREE,,,,,
,2020-02-24,Buy,PINS,,,,,
,2020-02-24,Buy,ROKU,,,,,
,2020-02-24,Buy,SNAP,,,,,
,2020-02-24,Sell,TDOC,,,,,
,2020-02-24,Buy,TWOU,,,,,
,2020-02-24,Buy,TWTR,,,,,
,2020-02-24,Buy,XLNX,,,,,
,2020-02-24,Sell,ZM,,,,,
,2020-02-24,Sell,GM,,,,,
,2020-02-24,Buy,KMTUY US,,,,,
,2020-02-24,Buy,PRLB,,,,,
,2020-02-24,Buy,XLNX,,,,,
,2020-02-24,Buy,AVAV,,,,,
,2020-02-24,Buy,AVAV,,,,,
,2020-02-24,Buy,CRSP,,,,,
,2020-02-24,Buy,CRSP,,,,,
,2020-02-24,Sell,EB,,,,,
,2020-02-24,Sell,EB,,,,,
,2020-02-24,Buy,LC,,,,,
,2020-02-24,Sell,NFLX,,,,,
,2020-02-24,Sell,NFLX,,,,,
,2020-02-24,Buy,NVTA,,,,,
,2020-02-24,Buy,NVTA,,,,,
,2020-02-24,Sell,TTD,,,,,
,2020-02-24,Sell,TTD,,,,,
,2020-02-24,Sell,CBMG,,,,,
,2020-02-24,Buy,CRSP,,,,,
,2020-02-24,Sell,INO,,,,,
,2020-02-24,Buy,PACB,,,,,
,2020-02-24,Buy,PSTG,,,,,
,2020-02-24,Sell,TDOC,,,,,
,2020-02-24,Sell,TDOC,,,,,
,2020-02-21,Sell,SQ,,,,,
,2020-02-21,Sell,TSLA,,,,,
,2020-02-21,Buy,ZS,,,,,
,2020-02-21,Buy,AVAV,,,,,
,2020-02-21,Buy,AVAV,,,,,
,2020-02-21,Buy,LC,,,,,
,2020-02-21,Buy,NVTA,,,,,
,2020-02-21,Buy,PD,,,,,
,2020-02-21,Buy,PD,,,,,
,2020-02-21,Buy,ROKU,,,,,
,2020-02-21,Buy,ROKU,,,,,
,2020-02-21,Sell,SQ,,,,,
,2020-02-21,Sell,SQ,,,,,
,2020-02-21,Sell,TSLA,,,,,
,2020-02-21,Sell,TTD,,,,,
,2020-02-21,Sell,ARCT,,,,,
,2020-02-21,Sell,CBMG,,,,,
,2020-02-21,Buy,CDXS,,,,,
,2020-02-21,Buy,CDXS,,,,,
,2020-02-21,Sell,CGEN,,,,,
,2020-02-21,Sell,CLLS,,,,,
,2020-02-21,Sell,CLLS,,,,,
,2020-02-21,Sell,CLLS,,,,,
,2020-02-21,Sell,CLLS,,,,,
,2020-02-21,Buy,CRSP,,,,,
,2020-02-21,Sell,FATE,,,,,
,2020-02-21,Sell,FATE,,,,,
,2020-02-21,Buy,PACB,,,,,
,2020-02-21,Sell,VCYT,,,,,
,2020-02-20,Buy,SNPS,,,,,
,2020-02-20,Sell,Z,,,,,
,2020-02-20,Buy,SNPS,,,,,
,2020-02-20,Sell,TWOU,,,,,
,2020-02-20,Buy,AVAV,,,,,
,2020-02-20,Buy,CRSP,,,,,
,2020-02-20,Buy,CRSP,,,,,
,2020-02-20,Sell,EB,,,,,
,2020-02-20,Buy,IOVA,,,,,
,2020-02-20,Buy,IOVA,,,,,
,2020-02-20,Buy,LC,,,,,
,2020-02-20,Buy,NVTA,,,,,
,2020-02-20,Buy,PD,,,,,
,2020-02-20,Buy,PD,,,,,
,2020-02-20,Sell,PYPL,,,,,
,2020-02-20,Sell,TWOU,,,,,
,2020-02-20,Buy,TWTR,,,,,
,2020-02-20,Buy,TWTR,,,,,
,2020-02-20,Sell,Z,,,,,
,2020-02-20,Sell,ARCT,,,,,
,2020-02-20,Sell,CBMG,,,,,
,2020-02-20,Sell,CBMG,,,,,
,2020-02-20,Buy,CDXS,,,,,
,2020-02-20,Sell,CLLS,,,,,
,2020-02-20,Buy,CRSP,,,,,
,2020-02-20,Sell,FATE,,,,,
,2020-02-20,Sell,NSTG,,,,,
,2020-02-20,Buy,PACB,,,,,
,2020-02-20,Sell,TDOC,,,,,
,2020-02-20,Buy,TWST,,,,,
,2020-02-20,Sell,VCYT,,,,,
,2020-02-19,Buy,PINS,,,,,
,2020-02-19,Sell,TSLA,,,,,
,2020-02-19,Buy,AVAV,,,,,
,2020-02-19,Sell,CGEN,,,,,
,2020-02-19,Sell,CGEN,,,,,
,2020-02-19,Buy,CRSP,,,,,
,2020-02-19,Sell,EB,,,,,
,2020-02-19,Buy,IOVA,,,,,
,2020-02-19,Buy,IOVA,,,,,
,2020-02-19,Buy,PD,,,,,
,2020-02-19,Buy,PD,,,,,
,2020-02-19,Buy,PD,,,,,
,2020-02-19,Buy,PINS,,,,,
,2020-02-19,Sell,TSLA,,,,,
,2020-02-19,Sell,TSLA,,,,,
,2020-02-19,Sell,TSLA,,,,,
,2020-02-19,Sell,TSLA,,,,,
,2020-02-18,Buy,AVAV,,,,,
,2020-02-18,Sell,EB,,,,,
,2020-02-18,Buy,PD,,,,,
,2020-02-18,Sell,Z,,,,,
,2020-02-18,Sell,INO,,,,,
,2020-02-18,Sell,INO,,,,,
,2020-02-18,Buy,IOVA,,,,,
,2020-02-18,Buy,PACB,,,,,
,2020-02-18,Sell,TDOC,,,,,
,2020-02-18,Sell,TDOC,,,,,
,2020-02-14,Buy,AVAV,,,,,
,2020-02-14,Sell,EB,,,,,
,2020-02-14,Sell,EB,,,,,
,2020-02-14,Buy,ROKU,,,,,
,2020-02-14,Sell,SQ,,,,,
,2020-02-14,Sell,Z,,,,,
,2020-02-14,Sell,Z,,,,,
,2020-02-14,Buy,AVAV,,,,,
,2020-02-14,Buy,AVAV,,,,,
,2020-02-14,Sell,TSLA,,,,,
,2020-02-14,Buy,ROKU,,,,,
,2020-02-14,Sell,SQ,,,,,
,2020-02-13,Buy,PRLB,,,,,
,2020-02-13,Buy,PRLB,,,,,
,2020-02-13,Sell,CLDR,,,,,
,2020-02-13,Buy,PSTG,,,,,
,2020-02-13,Buy,PSTG,,,,,
,2020-02-12,Sell,ARCT,,,,,
,2020-02-12,Sell,CGEN,,,,,
,2020-02-12,Sell,EB,,,,,
,2020-02-12,Sell,EB,,,,,
,2020-02-12,Buy,PRLB,,,,,
,2020-02-12,Buy,PRLB,,,,,
,2020-02-12,Buy,PSTG,,,,,
,2020-02-12,Buy,PSTG,,,,,
,2020-02-12,Sell,SPLK,,,,,
,2020-02-12,Sell,SPLK,,,,,
,2020-02-12,Sell,TWOU,,,,,
,2020-02-12,Sell,Z,,,,,
,2020-02-11,Buy,MELI,,,,,
,2020-02-11,Sell,ARCT,,,,,
,2020-02-11,Sell,CGEN,,,,,
,2020-02-11,Sell,NSTG,,,,,
,2020-02-11,Buy,PACB,,,,,
,2020-02-11,Sell,CRM,,,,,
,2020-02-11,Sell,EB,,,,,
,2020-02-11,Sell,EB,,,,,
,2020-02-11,Buy,丨RDM,,,,,
,2020-02-11,Buy,MELI,,,,,
,2020-02-11,Buy,PSTG,,,,,
,2020-02-11,Sell,SPLK,,,,,
,2020-02-11,Sell,TWOU,,,,,
,2020-02-11,Sell,Z,,,,,
,2020-02-11,Sell,Z,,,,,
,2020-02-11,Sell,Z,,,,,
,2020-02-11,Sell,Z,,,,,
,2020-02-11,Sell,Z,,,,,
,2020-02-11,Sell,CLDR,,,,,
,2020-02-11,Buy,MELI,,,,,
,2020-02-11,Buy,SPOT,,,,,
,2020-02-10,Buy,MELI,,,,,
,2020-02-10,Buy,PINS,,,,,
,2020-02-10,Sell,SHOP,,,,,
,2020-02-10,Sell,SPLK,,,,,
,2020-02-10,Buy,PACB,,,,,
,2020-02-10,Buy,PACB,,,,,
,2020-02-10,Sell,TDOC,,,,,
,2020-02-10,Sell,TWST,,,,,
,2020-02-10,Sell,ADSK,,,,,
,2020-02-10,Sell,EB,,,,,
,2020-02-10,Buy,IRDM,,,,,
,2020-02-10,Buy,IRDM,,,,,
,2020-02-10,Sell,NSTG,,,,,
,2020-02-10,Sell,NSTG,,,,,
,2020-02-10,Sell,NSTG,,,,,
,2020-02-10,Buy,PINS,,,,,
,2020-02-10,Sell,Z,,,,,
,2020-02-10,Buy,PRLB,,,,,
,2020-02-10,Sell,SPLK,,,,,
,2020-02-10,Sell,CLDR,,,,,
,2020-02-10,Buy,PINS,,,,,
,2020-02-10,Buy,PINS,,,,,
,2020-02-07,Sell,IONS,,,,,
,2020-02-07,Buy,PACB,,,,,
,2020-02-07,Buy,IRDM,,,,,
,2020-02-07,Buy,IRDM,,,,,
,2020-02-07,Sell,MELI,,,,,
,2020-02-07,Buy,PRLB,,,,,
,2020-02-07,Buy,PRLB,,,,,
,2020-02-07,Sell,SPLK,,,,,
,2020-02-07,Sell,SQ,,,,,
,2020-02-07,Sell,SQ,,,,,
,2020-02-07,Sell,TDOC,,,,,
,2020-02-07,Sell,TWOU,,,,,
,2020-02-07,Buy,TWTR,,,,,
,2020-02-07,Sell,Z,,,,,
,2020-02-07,Sell,NVDA,,,,,
,2020-02-07,Sell,NVDA,,,,,
,2020-02-07,Buy,PRLB,,,,,
,2020-02-07,Buy,PRLB,,,,,
,2020-02-07,Sell,SPLK,,,,,
,2020-02-07,Sell,SPLK,,,,,
,2020-02-07,Buy,TWTR,,,,,
,2020-02-07,Sell,Z,,,,,
,2020-02-06,Sell,Z1P AU,,,,,
,2020-02-06,Buy,8473 JP,,,,,
,2020-02-06,Buy,旧KR,,,,,
,2020-02-06,Buy,TREE,,,,,
,2020-02-06,Buy,WDAY,,,,,
,2020-02-06,Sell,CGEN,,,,,
,2020-02-06,Buy,AVAV,,,,,
,2020-02-06,Sell,CRM,,,,,
,2020-02-06,Buy,IRDM,,,,,
,2020-02-06,Buy,IRDM,,,,,
,2020-02-06,Buy,PRLB,,,,,
,2020-02-06,Buy,PRLB,,,,,
,2020-02-06,Buy,PRLB,,,,,
,2020-02-06,Buy,PRLB,,,,,
,2020-02-06,Buy,PRLB,,,,,
,2020-02-06,Sell,SPLK,,,,,
,2020-02-06,Sell,TCEHY,,,,,
,2020-02-06,Sell,TTD,,,,,
,2020-02-06,Sell,ADSK,,,,,
,2020-02-06,Sell,AMZN,,,,,
,2020-02-06,Sell,NVDA,,,,,
,2020-02-06,Buy,PRLB,,,,,
,2020-02-06,Buy,PRLB,,,,,
,2020-02-06,Buy,PRLB,,,,,
,2020-02-06,Buy,PRLB,,,,,
,2020-02-06,Sell,TER,,,,,
,2020-02-05,Sell,AMZN,,,,,
,2020-02-05,Sell,NVDA,,,,,
,2020-02-05,Buy,SNAP,,,,,
,2020-02-05,Buy,SNAP,,,,,
,2020-02-05,Buy,SPOT,,,,,
,2020-02-05,Sell,TDOC,,,,,
,2020-02-05,Sell,Z,,,,,
,2020-02-05,Buy,AVAV,,,,,
,2020-02-05,Buy,CERS,,,,,
,2020-02-05,Buy,CERS,,,,,
,2020-02-05,Sell,CGEN,,,,,
,2020-02-05,Sell,CGEN,,,,,
,2020-02-05,Buy,IRDM,,,,,
,2020-02-05,Buy,IRDM,,,,,
,2020-02-05,Sell,NSTG,,,,,
,2020-02-05,Sell,ARCT,,,,,
,2020-02-05,Sell,CGEN,,,,,
,2020-02-05,Sell,CGEN,,,,,
,2020-02-05,Buy,INO,,,,,
,2020-02-05,Sell,IONS,,,,,
,2020-02-05,Buy,SI,,,,,
,2020-02-04,Buy,SI,,,,,
,2020-02-04,Sell,ARCT,,,,,
,2020-02-04,Buy,INO,,,,,
,2020-02-04,Sell,IONS,,,,,
,2020-02-04,Sell,IONS,,,,,
,2020-02-04,Sell,NSTG,,,,,
,2020-02-04,Sell,NSTG,,,,,
,2020-02-04,Buy,NVTA,,,,,
,2020-02-04,Buy,AVAV,,,,,
,2020-02-04,Buy,CERS,,,,,
,2020-02-04,Sell,CGEN,,,,,
,2020-02-04,Buy,CRSP,,,,,
,2020-02-04,Buy,CRSP,,,,,
,2020-02-04,Buy,丨LMN,,,,,
,2020-02-04,Buy,丨LMN,,,,,
,2020-02-04,Buy,丨RDM,,,,,
,2020-02-04,Buy,NFLX,,,,,
,2020-02-04,Buy,PINS,,,,,
,2020-02-04,Buy,PRLB,,,,,
,2020-02-04,Buy,PSTG,,,,,
,2020-02-04,Buy,PSTG,,,,,
,2020-02-04,Buy,ROKU,,,,,
,2020-02-04,Sell,TSLA,,,,,
,2020-02-04,Buy,TWOU,,,,,
,2020-02-04,Buy,TWOU,,,,,
,2020-02-04,Buy,TWTR,,,,,
,2020-02-04,Buy,TWTR,,,,,
,2020-02-04,Buy,CAT,,,,,
,2020-02-04,Buy,CAT,,,,,
,2020-02-04,Buy,DE,,,,,
,2020-02-04,Buy,DE,,,,,
,2020-02-04,Buy,GOOG,,,,,
,2020-02-04,Buy,NXPI,,,,,
,2020-02-04,Buy,NXPI,,,,,
,2020-02-04,Buy,PRLB,,,,,
,2020-02-04,Buy,ROK,,,,,
,2020-02-04,Buy,ROK,,,,,
,2020-02-04,Buy,ROK,,,,,
,2020-02-04,Sell,TSLA,,,,,
,2020-02-04,Sell,TSLA,,,,,
,2020-02-04,Sell,TSLA,,,,,
,2020-02-04,Buy,TWOU,,,,,
,2020-02-04,Buy,TWOU,,,,,
,2020-02-04,Buy,NFLX,,,,,
,2020-02-04,Buy,PINS,,,,,
,2020-02-04,Buy,PSTG,,,,,
,2020-02-04,Buy,ROKU,,,,,
,2020-02-04,Sell,TSLA,,,,,
,2020-02-04,Buy,TWTR,,,,,
,2020-02-03,Sell,AAPL,,,,,
,2020-02-03,Sell,CRM,,,,,
,2020-02-03,Buy,HDB,,,,,
,2020-02-03,Buy,PDD,,,,,
,2020-02-03,Buy,SCHW,,,,,
,2020-02-03,Buy,SI,,,,,
,2020-02-03,Sell,SPLK,,,,,
,2020-02-03,Sell,Z,,,,,
,2020-02-03,Sell,ARCT,,,,,
,2020-02-03,Sell,NSTG,,,,,
,2020-02-03,Buy,NVTA,,,,,
,2020-02-03,Buy,AVAV,,,,,
,2020-02-03,Sell,CGEN,,,,,
,2020-02-03,Buy,IRDM,,,,,
,2020-02-03,Buy,CAT,,,,,
,2020-02-03,Buy,DE,,,,,
,2020-02-03,Buy,GOOG,,,,,
,2020-02-03,Buy,KTOS,,,,,
,2020-02-03,Sell,NVDA,,,,,
,2020-02-03,Buy,ROK,,,,,
,2020-02-03,Sell,TSLA,,,,,
,2020-02-03,Buy,TWOU,,,,,
,2020-02-03,Buy,XLNX,,,,,
,2020-02-03,Buy,HUYA,,,,,
,2020-02-03,Buy,SE,,,,,
,2020-02-03,Buy,TREE,,,,,
,2020-02-03,Sell,TSLA,,,,,
,2020-02-03,Buy,XLNX,,,,,
,2020-02-03,Buy,ZM,,,,,
,2020-01-31,Buy,SI,,,,,
,2020-01-31,Sell,ARCT,,,,,
,2020-01-31,Sell,NSTG,,,,,
,2020-01-31,Sell,NSTG,,,,,
,2020-01-31,Buy,VCYT,,,,,
,2020-01-31,Buy,AVAV,,,,,
,2020-01-31,Sell,CGEN,,,,,
,2020-01-31,Buy,IRDM,,,,,
,2020-01-31,Buy,ROKU,,,,,
,2020-01-31,Sell,TSLA,,,,,
,2020-01-31,Buy,KTOS,,,,,
,2020-01-31,Buy,TWOU,,,,,
,2020-01-31,Buy,PINS,,,,,
,2020-01-31,Buy,ROKU,,,,,
,2020-01-31,Buy,ROKU,,,,,
,2020-01-31,Buy,ROKU,,,,,
,2020-01-31,Sell,TSLA,,,,,
,2020-01-31,Sell,TTD,,,,,
,2020-01-31,Buy,TWOU,,,,,
,2020-01-31,Buy,TWOU,,,,,
,2020-01-31,Sell,Z,,,,,
,2020-01-31,Sell,Z,,,,,
,2020-01-30,Sell,AAPL,,,,,
,2020-01-30,Buy,PYPL,,,,,
,2020-01-30,Buy,SI,,,,,
,2020-01-30,Sell,SQ,,,,,
,2020-01-30,Sell,ARCT,,,,,
,2020-01-30,Buy,CRSP,,,,,
,2020-01-30,Buy,丨LMN,,,,,
,2020-01-30,Sell,INO,,,,,
,2020-01-30,Sell,IONS,,,,,
,2020-01-30,Sell,IONS,,,,,
,2020-01-30,Buy,PSNL,,,,,
,2020-01-30,Sell,TDOC,,,,,
,2020-01-30,Buy,AVAV,,,,,
,2020-01-30,Sell,CGEN,,,,,
,2020-01-30,Buy,ILMN,,,,,
,2020-01-30,Buy,ILMN,,,,,
,2020-01-30,Buy,ILMN,,,,,
,2020-01-30,Buy,ILMN,,,,,
,2020-01-30,Buy,ILMN,,,,,
,2020-01-30,Buy,ILMN,,,,,
,2020-01-30,Buy,PYPL,,,,,
,2020-01-30,Buy,PYPL,,,,,
,2020-01-30,Buy,PYPL,,,,,
,2020-01-30,Buy,PYPL,,,,,
,2020-01-30,Sell,TSLA,,,,,
,2020-01-30,Sell,TSLA,,,,,
,2020-01-30,Buy,APTV,,,,,
,2020-01-30,Buy,KTOS,,,,,
,2020-01-30,Buy,TRMB,,,,,
,2020-01-30,Sell,TSLA,,,,,
,2020-01-30,Buy,TSM,,,,,
,2020-01-30,Buy,XLNX,,,,,
,2020-01-30,Sell,TTD,,,,,
,2020-01-30,Buy,TWOU,,,,,
,2020-01-29,Buy,4689 JP,,,,,
,2020-01-29,Sell,4755 JP,,,,,
,2020-01-29,Buy,PINS,,,,,
,2020-01-29,Buy,TREE,,,,,
,2020-01-29,Buy,CERS,,,,,
,2020-01-29,Buy,PSNL,,,,,
,2020-01-29,Buy,TWST,,,,,
,2020-01-29,Buy,CERS,,,,,
,2020-01-29,Sell,CGEN,,,,,
,2020-01-29,Sell,NSTG,,,,,
,2020-01-29,Sell,TSLA,,,,,
,2020-01-29,Sell,TSLA,,,,,
,2020-01-29,Buy,TWOU,,,,,
,2020-01-29,Buy,XLNX,,,,,
,2020-01-29,Buy,XLNX,,,,,
,2020-01-29,Buy,XLNX,,,,,
,2020-01-29,Sell,CGNX,,,,,
,2020-01-29,Sell,CGNX,,,,,
,2020-01-29,Sell,TSLA,,,,,
,2020-01-29,Buy,XLNX,,,,,
,2020-01-29,Buy,XLNX,,,,,
,2020-01-29,Buy,XLNX,,,,,
,2020-01-29,Sell,TTD,,,,,
,2020-01-29,Buy,XLNX,,,,,
,2020-01-29,Sell,Z,,,,,
,2020-01-28,Sell,AAPL,,,,,
,2020-01-28,Buy,AAPL,,,,,
,2020-01-28,Buy,PSNL,,,,,
,2020-01-28,Buy,TWST,,,,,
,2020-01-28,Sell,NSTG,,,,,
,2020-01-28,Sell,NSTG,,,,,
,2020-01-28,Buy,TWOU,,,,,
,2020-01-28,Buy,TWOU,,,,,
,2020-01-28,Sell,CGNX,,,,,
,2020-01-27,Sell,CGNX,,,,,
,2020-01-27,Sell,CGNX,,,,,
,2020-01-27,Buy,CSOD,,,,,
,2020-01-27,Buy,XLNX,,,,,
,2020-01-27,Sell,AMD,,,,,
,2020-01-27,Buy,PSTG,,,,,
,2020-01-27,Sell,NSTG,,,,,
,2020-01-27,Buy,PINS,,,,,
,2020-01-27,Buy,ROKU,,,,,
,2020-01-27,Sell,TTD,,,,,
,2020-01-27,Buy,TWOU,,,,,
,2020-01-27,Buy,TWOU,,,,,
,2020-01-27,Buy,FATE,,,,,
,2020-01-27,Sell,INO,,,,,
,2020-01-27,Sell,INO,,,,,
,2020-01-27,Buy,PSNL,,,,,
,2020-01-27,Buy,PSTG,,,,,
,2020-01-27,Buy,TWST,,,,,
,2020-01-24,Sell,CLDR,,,,,
,2020-01-24,Sell,CLDR,,,,,
,2020-01-24,Sell,CLDR,,,,,
,2020-01-24,Buy,HUYA,,,,,
,2020-01-24,Buy,HUYA,,,,,
,2020-01-24,Buy,CRSP,,,,,
,2020-01-24,Buy,CRSP,,,,,
,2020-01-24,Sell,MELI,,,,,
,2020-01-24,Buy,SQ,,,,,
,2020-01-24,Sell,TER,,,,,
,2020-01-24,Buy,TWOU,,,,,
,2020-01-24,Sell,Z,,,,,
,2020-01-24,Sell,Z,,,,,
,2020-01-24,Sell,AAPL,,,,,
,2020-01-24,Buy,CRSP,,,,,
,2020-01-23,Sell,AAPL,,,,,
,2020-01-23,Buy,PYPL,,,,,
,2020-01-23,Sell,CLDR,,,,,
,2020-01-23,Buy,HUYA,,,,,
,2020-01-22,Buy,4689 JP,,,,,
,2020-01-22,Sell,SHOP,,,,,
,2020-01-22,Buy,NFLX,,,,,
,2020-01-22,Buy,NFLX,,,,,
,2020-01-22,Sell,TSLA,,,,,
,2020-01-22,Buy,NFLX,,,,,
,2020-01-22,Buy,NFLX,,,,,
,2020-01-22,Sell,SHOP,,,,,
,2020-01-22,Sell,TSLA,,,,,
,2020-01-22,Buy,DANE IT,,,,,
,2020-01-22,Buy,TARO,,,,,
,2020-01-22,Buy,MTLS,,,,,
,2020-01-22,Buy,PTC,,,,,
,2020-01-21,Sell,STMN SE,,,,,
,2020-01-21,Sell,ALMDG FP,,,,,
,2020-01-21,Buy,ALTR,,,,,
,2020-01-21,Buy,MTLS,,,,,
,2020-01-21,Buy,PRLB,,,,,
,2020-01-21,Sell,BATM IT,,,,,
,2020-01-21,Sell,BEZQ IT,,,,,
,2020-01-21,Buy,CEL IT,,,,,
,2020-01-21,Buy,ESLT IT,,,,,
,2020-01-21,Sell,FATTAL IT,,,,,
,2020-01-21,Sell,HLAN IT,,,,,
,2020-01-21,Sell,INCR IT,,,,,
,2020-01-21,Buy,MTRX IT,,,,,
,2020-01-21,Buy,ONE IT,,,,,
,2020-01-21,Buy,PTNR IT,,,,,
,2020-01-21,Buy,ITRN,,,,,
,2020-01-21,Buy,RDHL,,,,,
,2020-01-21,Buy,SEDG,,,,,
,2020-01-17,Sell,OERL SE,,,,,
,2020-01-17,Sell,STMN SE,,,,,
,2020-01-17,Sell,AM3D GR,,,,,
,2020-01-17,Sell,BDT GR,,,,,
,2020-01-17,Buy,HEN3 GR,,,,,
,2020-01-17,Sell,SIE GR,,,,,
,2020-01-17,Buy,SGL GR,,,,,
,2020-01-17,Buy,AKE FP,,,,,
,2020-01-17,Sell,ALMDG FP,,,,,
,2020-01-17,Buy,DSY SJ,,,,,
,2020-01-17,Sell,RSW LN,,,,,
,2020-01-17,Buy,3402 JP,,,,,
,2020-01-17,Buy,DSM NA,,,,,
,2020-01-17,Sell,HEXAB SS,,,,,
,2020-01-17,Sell,SAND SS,,,,,
,2020-01-17,Buy,ADSK,,,,,
,2020-01-17,Sell,ALGN,,,,,
,2020-01-17,Buy,ALTR,,,,,
,2020-01-17,Sell,AME,,,,,
,2020-01-17,Buy,ANSS,,,,,
,2020-01-17,Sell,ARNC,,,,,
,2020-01-17,Buy,ATI,,,,,
,2020-01-17,Sell,CFMS,,,,,
,2020-01-17,Buy,CRS,,,,,
,2020-01-17,Buy,DD,,,,,
,2020-01-17,Sell,DDD,,,,,
,2020-01-17,Sell,FARO,,,,,
,2020-01-17,Sell,GE,,,,,
,2020-01-17,Sell,HPQ,,,,,
,2020-01-17,Buy,HXL,,,,,
,2020-01-17,Buy,KALU,,,,,
,2020-01-17,Sell,KODK,,,,,
,2020-01-17,Buy,MSFT,,,,,
,2020-01-17,Buy,MTLS,,,,,
,2020-01-17,Sell,NUVA,,,,,
,2020-01-17,Buy,PRLB,,,,,
,2020-01-17,Buy,PTC,,,,,
,2020-01-17,Sell,SSYS,,,,,
,2020-01-17,Buy,SYK,,,,,
,2020-01-17,Buy,TRMB,,,,,
,2020-01-17,Sell,UCTT,,,,,
,2020-01-17,Buy,UPS,,,,,
,2020-01-17,Sell,XONE,,,,,
,2020-01-17,Sell,XRX,,,,,
,2020-01-17,Sell,AUDC,,,,,
,2020-01-17,Sell,CAMT,,,,,
,2020-01-17,Sell,ENLV,,,,,
,2020-01-17,Sell,GLMD,,,,,
,2020-01-17,Sell,INMD,,,,,
,2020-01-17,Buy,RADA,,,,,
,2020-01-17,Sell,RDHL,,,,,
,2020-01-17,Sell,RDHL,,,,,
,2020-01-17,Buy,SPNS,,,,,
,2020-01-17,Buy,TEVA,,,,,
,2020-01-17,Sell,URGN,,,,,
,2020-01-16,Sell,AM3D GR,,,,,
,2020-01-16,Sell,ALMDG FP,,,,,
,2020-01-16,Sell,CFMS,,,,,
,2020-01-16,Buy,MTLS,,,,,
,2020-01-16,Sell,XONE,,,,,
,2020-01-16,Sell,BATM IT,,,,,
,2020-01-16,Buy,BEZQ IT,,,,,
,2020-01-16,Buy,BSEN IT,,,,,
,2020-01-16,Buy,CEL IT,,,,,
,2020-01-16,Buy,DANE IT,,,,,
,2020-01-16,Buy,ESLT IT,,,,,
,2020-01-16,Buy,FATTAL,,,,,
,2020-01-16,Sell,FBRT IT,,,,,
,2020-01-16,Sell,GILT IT,,,,,
,2020-01-16,Buy,HLAN IT,,,,,
,2020-01-16,Sell,INCR IT,,,,,
,2020-01-16,Sell,KMDA IT,,,,,
,2020-01-16,Sell,MGIC IT,,,,,
,2020-01-16,Sell,MLTM IT,,,,,
,2020-01-16,Buy,MTRX IT,,,,,
,2020-01-16,Buy,ONE,,,,,
,2020-01-16,Buy,PTNR,,,,,
,2020-01-16,Buy,ALLT,,,,,
,2020-01-16,Sell,AUDC,,,,,
,2020-01-16,Buy,CAMT,,,,,
,2020-01-16,Sell,CGEN,,,,,
,2020-01-16,Buy,CHKP,,,,,
,2020-01-16,Buy,CRNT,,,,,
,2020-01-16,Buy,CYBR,,,,,
,2020-01-16,Sell,ENLV,,,,,
,2020-01-16,Buy,FVRR,,,,,
,2020-01-16,Sell,GLMD,,,,,
,2020-01-16,Sell,INMD,,,,,
,2020-01-16,Buy,ITRN,,,,,
,2020-01-16,Buy,MLNX,,,,,
,2020-01-16,Buy,NICE,,,,,
,2020-01-16,Buy,NVMI,,,,,
,2020-01-16,Sell,PERI,,,,,
,2020-01-16,Buy,RADA,,,,,
,2020-01-16,Buy,RDHL,,,,,
,2020-01-16,Buy,RDWR,,,,,
,2020-01-16,Buy,SEDG,,,,,
,2020-01-16,Sell,SILC,,,,,
,2020-01-16,Buy,SLGL,,,,,
,2020-01-16,Buy,SPNS,,,,,
,2020-01-16,Buy,SSYS,,,,,
,2020-01-16,Buy,TARO,,,,,
,2020-01-16,Buy,TEVA,,,,,
,2020-01-16,Buy,TSEM,,,,,
,2020-01-16,Sell,URGN,,,,,
,2020-01-16,Buy,WIX,,,,,
,2020-01-15,Buy,Z1P,,,,,
,2020-01-15,Sell,CDXS,,,,,
,2020-01-15,Buy,CERS,,,,,
,2020-01-15,Buy,PSNL,,,,,
,2020-01-15,Buy,TWST,,,,,
,2020-01-15,Buy,LC,,,,,
,2020-01-15,Buy,LC,,,,,
,2020-01-15,Sell,BATM IT,,,,,
,2020-01-15,Sell,FBRT IT,,,,,
,2020-01-15,Sell,GILT IT,,,,,
,2020-01-15,Sell,INCR IT,,,,,
,2020-01-15,Sell,KMDA IT,,,,,
,2020-01-15,Sell,MGIC IT,,,,,
,2020-01-15,Sell,MLTM IT,,,,,
,2020-01-15,Sell,ENLV,,,,,
,2020-01-15,Sell,SILC,,,,,
,2020-01-14,Sell,CLDR,,,,,
,2020-01-14,Buy,HUYA,,,,,
,2020-01-14,Buy,HUYA,,,,,
,2020-01-14,Buy,LC,,,,,
,2020-01-14,Buy,PSTG,,,,,
,2020-01-14,Buy,PSTG,,,,,
,2020-01-14,Sell,VCYT,,,,,
,2020-01-14,Buy,丨LMN,,,,,
,2020-01-14,Sell,AAPL,,,,,
,2020-01-14,Sell,CDXS,,,,,
,2020-01-14,Buy,CERS,,,,,
,2020-01-14,Sell,EDIT,,,,,
,2020-01-14,Buy,丨LMN,,,,,
,2020-01-14,Buy,丨NCY,,,,,
,2020-01-14,Buy,PSNL,,,,,
,2020-01-14,Sell,TDOC,,,,,
,2020-01-13,Sell,CGNX,,,,,
,2020-01-13,Buy,KTOS,,,,,
,2020-01-13,Sell,AMD,,,,,
,2020-01-13,Sell,BABA,,,,,
,2020-01-13,Sell,CLDR,,,,,
,2020-01-13,Sell,CRM,,,,,
,2020-01-13,Buy,HUYA,,,,,
,2020-01-13,Buy,LC,,,,,
,2020-01-13,Sell,NVDA,,,,,
,2020-01-13,Buy,PINS,,,,,
,2020-01-13,Buy,PINS,,,,,
,2020-01-13,Buy,PSTG,,,,,
,2020-01-13,Buy,PSTG,,,,,
,2020-01-13,Buy,PYPL,,,,,
,2020-01-13,Buy,SE,,,,,
,2020-01-13,Buy,TCEHY,,,,,
,2020-01-13,Sell,TSLA,,,,,
,2020-01-13,Sell,TSLA,,,,,
,2020-01-13,Sell,VCYT,,,,,
,2020-01-13,Sell,Z,,,,,
,2020-01-13,Buy,丨LMN,,,,,
,2020-01-13,Buy,TCEHY,,,,,
,2020-01-13,Sell,TSLA,,,,,
,2020-01-13,Sell,TTD,,,,,
,2020-01-13,Sell,CGEN,,,,,
,2020-01-13,Buy,PSNL,,,,,
,2020-01-13,Sell,TDOC,,,,,
,2020-01-13,Sell,BABA,,,,,
,2020-01-13,Buy,ICE,,,,,
,2020-01-13,Sell,MELI,,,,,
,2020-01-13,Sell,NDAQ,,,,,
,2020-01-13,Sell,NVDA,,,,,
,2020-01-13,Buy,PINS,,,,,
,2020-01-13,Buy,PYPL,,,,,
,2020-01-13,Buy,SE,,,,,
,2020-01-13,Sell,SHOP,,,,,
,2020-01-13,Sell,Z,,,,,
,2020-01-10,Buy,CDNA,,,,,
,2020-01-10,Sell,CGEN,,,,,
,2020-01-10,Sell,IOVA,,,,,
,2020-01-10,Sell,MELI,,,,,
,2020-01-10,Buy,ROKU,,,,,
,2020-01-10,Buy,TCEHY,,,,,
,2020-01-10,Sell,TSLA,,,,,
,2020-01-10,Sell,MELI,,,,,
,2020-01-10,Buy,ROKU,,,,,
,2020-01-09,Sell,BLCM,,,,,
,2020-01-09,Sell,BLCM,,,,,
,2020-01-09,Buy,PSTG,,,,,
,2020-01-09,Buy,PSTG,,,,,
,2020-01-08,Sell,BLCM,,,,,
,2020-01-08,Buy,NVTA,,,,,
,2020-01-08,Buy,PSTG,,,,,
,2020-01-08,Sell,TSLA,,,,,
,2020-01-08,Buy,SPOT,,,,,
,2020-01-08,Sell,TSLA,,,,,
,2020-01-07,Sell,BLCM,,,,,
,2020-01-07,Buy,NVTA,,,,,
,2020-01-07,Buy,SE,,,,,
,2020-01-07,Buy,SE,,,,,
,2020-01-07,Sell,TSLA,,,,,
,2020-01-06,Sell,BLCM,,,,,
,2020-01-06,Buy,NVTA,,,,,
,2020-01-06,Buy,NVTA,,,,,
,2020-01-06,Buy,PINS,,,,,
,2020-01-06,Buy,PINS,,,,,
,2020-01-06,Sell,TSLA,,,,,
,2020-01-06,Buy,NXPI,,,,,
,2020-01-06,Sell,RKUNY,,,,,
,2020-01-06,Buy,SNPS,,,,,
,2020-01-06,Sell,TSLA,,,,,
,2020-01-06,Sell,TSLA,,,,,
,2020-01-06,Buy,PINS,,,,,
,2020-01-06,Buy,SE,,,,,
,2020-01-06,Buy,SNPS,,,,,
,2020-01-06,Sell,TDOC,,,,,
,2020-01-06,Sell,TSLA,,,,,
,2020-01-06,Sell,TTD,,,,,
,2020-01-06,Sell,TWOU,,,,,
,2020-01-03,Buy,NVTA,,,,,
,2020-01-03,Sell,BLCM,,,,,
,2020-01-03,Buy,丨NCY,,,,,
,2020-01-03,Buy,丨NCY,,,,,
,2020-01-03,Sell,TDOC,,,,,
,2020-01-03,Sell,TDOC,,,,,
,2020-01-02,Buy,CRSP,,,,,
,2020-01-02,Sell,TSLA,,,,,
,2020-01-02,Sell,AAPL,,,,,
,2020-01-02,Buy,CRSP,,,,,
,2020-01-02,Sell,IOVA,,,,,
,2020-01-02,Sell,TDOC,,,,,
,2020-01-02,Buy,XON,,,,,
,2019-12-31,Sell,ADSK,,,,,
,2019-12-31,Buy,NVTA,,,,,
,2019-12-31,Sell,TER,,,,,
,2019-12-30,Sell,CGNX,,,,,
,2019-12-30,Buy,GOOG,,,,,
,2019-12-30,Buy,丨RDM,,,,,
,2019-12-30,Sell,NVDA,,,,,
,2019-12-30,Sell,TER,,,,,
,2019-12-30,Buy,XLNX,,,,,
,2019-12-30,Buy,AYX,,,,,
,2019-12-30,Sell,CLDR,,,,,
,2019-12-30,Sell,NVDA,,,,,
,2019-12-30,Buy,ROKU,,,,,
,2019-12-30,Buy,ROKU,,,,,
,2019-12-30,Buy,SQ,,,,,
,2019-12-30,Sell,Z,,,,,
,2019-12-30,Buy,ZS,,,,,
,2019-12-30,Buy,ROKU,,,,,
,2019-12-30,Buy,ROKU,,,,,
,2019-12-30,Buy,SQ,,,,,
,2019-12-30,Sell,TSLA,,,,,
,2019-12-30,Sell,TDOC,,,,,
,2019-12-30,Buy,TWST,,,,,
,2019-12-30,Sell,AAPL,,,,,
,2019-12-30,Buy,SQ,,,,,
,2019-12-27,Buy,NVTA,,,,,
,2019-12-27,Buy,NVTA,,,,,
,2019-12-27,Sell,Z,,,,,
,2019-12-27,Buy,4755 JP,,,,,
,2019-12-27,Buy,8473 JP,,,,,
,2019-12-24,Buy,RKUNY,,,,,
,2019-12-24,Buy,RKUNY,,,,,
,2019-12-24,Sell,APTV,,,,,
,2019-12-24,Sell,CRSP,,,,,
,2019-12-24,Buy,PRLB,,,,,
,2019-12-24,Buy,TREE,,,,,
,2019-12-24,Sell,IONS,,,,,
,2019-12-24,Sell,REGN,,,,,
,2019-12-24,Sell,REGN,,,,,
,2019-12-24,Sell,TDOC,,,,,
,2019-12-24,Sell,SPLK,,,,,
,2019-12-24,Sell,TRU,,,,,
,2019-12-24,Sell,TSM,,,,,
,2019-12-24,Sell,Z,,,,,
,2019-12-23,Buy,AMZN,,,,,
,2019-12-23,Buy,KTOS,,,,,
,2019-12-23,Buy,RKUNY,,,,,
,2019-12-23,Sell,TER,,,,,
,2019-12-23,Buy,TRMB,,,,,
,2019-12-23,Sell,TSLA,,,,,
,2019-12-23,Buy,XLNX,,,,,
,2019-12-23,Buy,AYX,,,,,
,2019-12-23,Buy,ROKU,,,,,
,2019-12-23,Buy,SE,,,,,
,2019-12-23,Sell,TSLA,,,,,
,2019-12-23,Sell,TTD,,,,,
,2019-12-23,Buy,TWLO,,,,,
,2019-12-23,Buy,ZS,,,,,
,2019-12-23,Sell,APTV,,,,,
,2019-12-23,Sell,CRSP,,,,,
,2019-12-23,Buy,NFLX,,,,,
,2019-12-23,Buy,NVTA,,,,,
,2019-12-23,Buy,ROKU,,,,,
,2019-12-23,Buy,TREE,,,,,
,2019-12-23,Sell,TSLA,,,,,
,2019-12-23,Sell,TTD,,,,,
,2019-12-23,Buy,XLNX,,,,,
,2019-12-23,Sell,Z,,,,,
,2019-12-23,Sell,Z,,,,,
,2019-12-23,Sell,BMY,,,,,
,2019-12-23,Buy,CERS,,,,,
,2019-12-23,Buy,CERS,,,,,
,2019-12-23,Sell,AAPL,,,,,
,2019-12-23,Buy,AMZN,,,,,
,2019-12-23,Sell,NDAQ,,,,,
,2019-12-23,Sell,NVDA,,,,,
,2019-12-23,Buy,PYPL,,,,,
,2019-12-23,Sell,TSM,,,,,
,2019-12-23,Buy,TWLO,,,,,
,2019-12-23,Buy,WDAY,,,,,
,2019-12-20,Buy,DE,,,,,
,2019-12-20,Buy,PRLB,,,,,
,2019-12-20,Sell,TSLA,,,,,
,2019-12-20,Buy,XLNX,,,,,
,2019-12-20,Sell,APTV,,,,,
,2019-12-20,Sell,CLLS,,,,,
,2019-12-20,Buy,NTLA,,,,,
,2019-12-20,Buy,NTLA,,,,,
,2019-12-20,Buy,NVTA,,,,,
,2019-12-20,Buy,NVTA,,,,,
,2019-12-20,Buy,PACB,,,,,
,2019-12-20,Sell,REGN,,,,,
,2019-12-20,Sell,REGN,,,,,
,2019-12-19,Sell,CLDR,,,,,
,2019-12-19,Buy,SNAP,,,,,
,2019-12-19,Sell,TDOC,,,,,
,2019-12-19,Sell,VCYT,,,,,
,2019-12-19,Sell,VCYT,,,,,
,2019-12-19,Sell,APTV,,,,,
,2019-12-19,Sell,APTV,,,,,
,2019-12-19,Buy,ROKU,,,,,
,2019-12-19,Buy,TREE,,,,,
,2019-12-19,Sell,CLLS,,,,,
,2019-12-19,Sell,EDIT,,,,,
,2019-12-19,Buy,NTLA,,,,,
,2019-12-19,Buy,PACB,,,,,
,2019-12-19,Buy,PACB,,,,,
,2019-12-18,Sell,CLLS,,,,,
,2019-12-18,Sell,EDIT,,,,,
,2019-12-18,Buy,NTLA,,,,,
,2019-12-18,Buy,PACB,,,,,
,2019-12-13,Sell,BIDU,,,,,
,2019-12-13,Sell,BIDU,,,,,
,2019-12-13,Buy,TREE,,,,,
,2019-12-13,Buy,TWTR,,,,,
,2019-12-13,Buy,TWTR,,,,,
,2019-12-13,Buy,TWTR,,,,,
,2019-12-13,Sell,APTV,,,,,
,2019-12-13,Sell,APTV,,,,,
,2019-12-13,Sell,EDIT,,,,,
,2019-12-13,Sell,NTLA,,,,,
,2019-12-13,Buy,NVTA,,,,,
,2019-12-13,Buy,TREE,,,,,
,2019-12-13,Buy,TWTR,,,,,
,2019-12-13,Buy,TWTR,,,,,
,2019-12-13,Buy,TWTR,,,,,
,2019-12-13,Buy,TWTR,,,,,
,2019-12-13,Sell,VCYT,,,,,
,2019-12-12,Buy,丨RDM,,,,,
,2019-12-12,Buy,SSYS,,,,,
,2019-12-12,Sell,TER,,,,,
,2019-12-12,Buy,AYX,,,,,
,2019-12-12,Buy,TREE,,,,,
,2019-12-12,Sell,TSLA,,,,,
,2019-12-12,Sell,Z,,,,,
,2019-12-12,Sell,EDIT,,,,,
,2019-12-12,Sell,NTLA,,,,,
,2019-12-12,Buy,NVTA,,,,,
,2019-12-12,Buy,NVTA,,,,,
,2019-12-12,Buy,TREE,,,,,
,2019-12-12,Sell,TSLA,,,,,
,2019-12-12,Sell,VCYT,,,,,
,2019-12-12,Sell,VCYT,,,,,
,2019-12-12,Sell,CRSP,,,,,
,2019-12-12,Buy,NVTA,,,,,
,2019-12-11,Sell,TSLA,,,,,
,2019-12-11,Buy,TWTR,,,,,
,2019-12-11,Buy,TREE,,,,,
,2019-12-11,Sell,TSLA,,,,,
,2019-12-11,Buy,TWTR,,,,,
,2019-12-11,Sell,3938 JP,,,,,
,2019-12-11,Buy,4689 JP,,,,,
,2019-12-11,Sell,AAPL,,,,,
,2019-12-11,Buy,TREE,,,,,
,2019-12-09,Sell,ANSS,,,,,
,2019-12-09,Buy,丨RDM,,,,,
,2019-12-09,Sell,NVDA,,,,,
,2019-12-09,Buy,PRLB,,,,,
,2019-12-09,Sell,SPLK,,,,,
,2019-12-09,Sell,SPLK,,,,,
,2019-12-09,Buy,SSYS,,,,,
,2019-12-09,Sell,TER,,,,,
,2019-12-09,Buy,XLNX,,,,,
,2019-12-09,Buy,XLNX,,,,,
,2019-12-09,Sell,AMD,,,,,
,2019-12-09,Buy,GBTC,,,,,
,2019-12-09,Sell,SPLK,,,,,
,2019-12-09,Sell,SPLK,,,,,
,2019-12-09,Sell,NTLA,,,,,
,2019-12-09,Buy,NVTA,,,,,
,2019-12-09,Sell,TDOC,,,,,
,2019-12-09,Buy,DOCU,,,,,
,2019-12-09,Sell,丨NTU,,,,,
,2019-12-09,Sell,TSM,,,,,
,2019-12-04,Sell,TSLA,,,,,
,2019-12-04,Buy,WDAY,,,,,
,2019-12-04,Buy,ZS,,,,,
,2019-12-04,Buy,CRM,,,,,
,2019-12-04,Sell,CRSP,,,,,
,2019-12-04,Buy,CDNA,,,,,
,2019-12-04,Buy,PACB,,,,,
,2019-12-04,Buy,PACB,,,,,
,2019-12-02,Sell,ADBE,,,,,
,2019-12-02,Sell,AMD,,,,,
,2019-12-02,Sell,NVDA,,,,,
,2019-12-02,Buy,PINS,,,,,
,2019-12-02,Buy,ROKU,,,,,
,2019-12-02,Sell,SPLK,,,,,
,2019-12-02,Buy,TTD,,,,,
,2019-12-02,Buy,TWLO,,,,,
,2019-12-02,Buy,APTV,,,,,
,2019-12-02,Buy,丨RDM,,,,,
,2019-12-02,Sell,NVDA,,,,,
,2019-12-02,Buy,CDNA,,,,,
,2019-12-02,Sell,CRSP,,,,,
,2019-12-02,Buy,丨LMN,,,,,
,2019-12-02,Buy,PACB,,,,,
,2019-12-02,Sell,GWRE,,,,,
,2019-12-02,Buy,SQ,,,,,
,2019-11-26,Buy,AYX,,,,,
,2019-11-26,Sell,CLDR,,,,,
,2019-11-22,Sell,SPLK,,,,,
,2019-11-22,Buy,TSLA,,,,,
,2019-11-22,Buy,SI,,,,,
,2019-11-21,Buy,SI,,,,,
,2019-11-20,Sell,3938 JP,,,,,
,2019-11-20,Buy,SI,,,,,
,2019-11-19,Sell,CRSP,,,,,
,2019-11-19,Buy,Z,,,,,
,2019-11-14,Buy,SSYS,,,,,
,2019-11-14,Buy,SSYS,,,,,
,2019-11-14,Sell,TSLA,,,,,
,2019-11-14,Buy,SSYS,,,,,
,2019-11-14,Buy,SSYS,,,,,
,2019-11-14,Sell,TSLA,,,,,
,2019-11-13,Buy,CERS,,,,,
,2019-11-12,Buy,Z1P AU,,,,,
,2019-11-12,Buy,DSY SJ,,,,,
,2019-11-12,Buy,CERS,,,,,
,2019-11-12,Buy,PACB,,,,,
,2019-11-12,Sell,TDOC,,,,,
,2019-11-12,Buy,XONE,,,,,
